CID,Category,Market,Year,Model,Transmission,Checksum,File
A2PG420A,engine,JDM,2007,Legacy,AT,,JDM/Legacy/A2PG420A-2007-JDM-Subaru-Legacy-GT-AT.hex
A2SB000A,engine,JDM,2008,Legacy,AT,,JDM/Legacy/A2SB000A-2008-JDM-Subaru-Legacy-GT-spec.B-AT.hex
A2SB000Y,engine,JDM,2008,Outback,AT,,JDM/Outback/A2SB000Y-2008-JDM-Subaru-Outback-XT-AT.hex
A2TB000N,engine,USDM,2008,Legacy,MT,,USDM/Legacy/A2TB000N-2008-USDM-Subaru-Legacy-GT-MT.hex
A2TB001C,engine,USDM,2008,Legacy(Outback),AT,,USDM/Legacy/A2TB001C-2008-USDM-Subaru-Legacy(Outback)-GT(XT)-AT.hex
A2TB001L,engine,USDM,2008,Legacy,MT,valid,USDM/Legacy/A2TB001L-2008-USDM-Subaru-Legacy-GT-MT.hex
A2TB001N,engine,USDM,2008,Outback,MT,valid,USDM/Outback/A2TB001N-2008-USDM-Subaru-Outback-GT-MT.hex
A2TB002C,engine,USDM,2009,Legacy,AT,,USDM/Legacy/A2TB002C-2009-USDM-Subaru-Legacy-GT-AT.hex
A2TB100A,engine,JDM,2008,,,,JDM/Legacy/A2TB100A-2008-JDM-Legacy-GT.hex
A2TB100B,engine,JDM,2007,Legacy,MT,,JDM/Legacy/A2TB100B-2007-JDM-Subaru-Legacy-GT-MT.hex
A2TB100K,engine,JDM,2007,Legacy,MT,,JDM/Legacy/A2TB100K-2007-JDM-Subaru-Legacy-GT-spec.B-MT.hex
A2TB100U,engine,JDM,2008,Impreza,MT,,JDM/Impreza/A2TB100U-2008-JDM-Subaru-Impreza-SGT-MT.hex
A2TB100V,engine,JDM,2008,Impreza,,,JDM/Impreza/A2TB100V-2008-JDM-Subaru-Impreza-SGT.hex
A2TB100Y,engine,JDM,2007,,,,JDM/Legacy/A2TB100Y-2007-JDM-Legacy-GT-TunedbySTI.hex
A2UG000B,engine,JDM,2006,,,,JDM/Legacy/A2UG000B-2006-JDM-Legacy-GT.hex
A2UG000C,engine,USDM,2007,Legacy,AT,,USDM/Legacy/A2UG000C-2007-USDM-Subaru-Legacy-GT-AT.hex
A2UG000J,engine,USDM,2007,STI,MT,,USDM/STI/A2UG000J-2007-USDM-Subaru-Impreza-STI-MT.hex
A2UG000L,engine,USDM,2007,Legacy,MT,,USDM/Legacy/A2UG000L-2007-USDM-Subaru-Legacy-GT-spec.B-MT.hex
A2UG000N,engine,USDM,2007,Legacy,MT,,USDM/Legacy/A2UG000N-2007-USDM-Subaru-Legacy-GT-MT.hex
A2UG000k,engine,JDM,2006,Legacy,MT,,JDM/Legacy/A2UG000k-2006-JDM-Subaru-Legacy-GT-spec.B-MT.hex
A2UG001G,engine,ADM,2008,Liberty,AT,,ADM/Legacy/A2UG001G-2008-ADM-Subaru-Liberty-GT-AT.hex
A2UG002T,engine,ADM,2007,Liberty,MT,,ADM/Legacy/A2UG002T-2007-ADM-Subaru-Liberty-GT-MT.hex
A2UH000A,engine,JDM,2006,Legacy,AT,,JDM/Legacy/A2UH000A-2006-JDM-Subaru-Legacy-GT-AT.hex
A2UI000K,engine,JDM,2007,Legacy,MT,,JDM/Legacy/A2UI000K-2007-JDM-Subaru-Legacy-GT-spec.B-MT.hex
A2UI000Y,engine,ADM,2008,Liberty,AT,,ADM/Legacy/A2UI000Y-2008-ADM-Subaru-Liberty-GT-AT.hex
A2UI000Z,engine,ADM,2008,,,,ADM/Legacy/A2UI000Z-2008-ADM-Liberty-GT.hex
A2UI001C,engine,USDM,2007,Legacy,AT,valid,USDM/Legacy/A2UI001C-2007-USDM-Subaru-Legacy-GT-AT.hex
A2UI001L,engine,USDM,2007,Legacy,MT,valid,USDM/Legacy/A2UI001L-2007-USDM-Subaru-Legacy-GT-MT.hex
A2UI001N,engine,USDM,2007,Outback,MT,valid,USDM/Outback/A2UI001N-2007-USDM-Subaru-Outback-GT-MT.hex
A2UJ000J,engine,USDM,2007,STI,MT,,USDM/STI/A2UJ000J-2007-USDM-Subaru-Impreza-STI-MT.hex
A2UJ000J,engine,USDM,2007,STI,,,USDM/STI/A2UJ000J-2007-USDM-Subaru-Impreza-STI.hex
A2UJ001J,engine,USDM,2007,STI,MT,valid,USDM/STI/A2UJ001J-2007-USDM-Subaru-Impreza-STI-MT.hex
A2WC000E,engine,JDM,2004,,,,JDM/Forester/A2WC000E-2004-JDM-Forester-STi.hex
A2WC011E,engine,JDM,2004,,,,JDM/Forester/A2WC011E-2004-07-JDM-Forester-STi.hex
A2WC012E,engine,JDM,2004,,,,JDM/Forester/A2WC012E-2004-07-JDM-Forester-STi.hex
A2WC013E,engine,JDM,2004,Forester,MT,,JDM/Forester/A2WC013E-2004-07-JDM-Subaru-Forester-STi-MT.hex
A2WC400D,engine,USDM,2005,,,,USDM/Forester/A2WC400D-2005-USDM-Forester-XT.hex
A2WC400H,engine,ADM,2005,Forester,AT,,ADM/Forester/A2WC400H-2005-ADM-Subaru-Forester-XT-AT.hex
A2WC400I,engine,USDM,2005,Forester,MT,,USDM/Forester/A2WC400I-2005-USDM-Subaru-Forester-XT-MT.hex
A2WC400L,engine,USDM,2005,Baja,MT,,USDM/Baja/A2WC400L-2005-USDM-Subaru-Baja-Turbo-MT.hex
A2WC400M,engine,ADM,2005,Forester,MT,,ADM/Forester/A2WC400M-2005-ADM-Subaru-Forester-XT-MT.hex
A2WC401F,engine,EDM,2004,,,,EDM/Forester/A2WC401F-2004-EDM-Forester-XT.hex
A2WC410D,engine,USDM,2005,Forester,AT,,USDM/Forester/A2WC410D-2005-USDM-Subaru-Forester-XT-AT.hex
A2WC410I,engine,USDM,2005,Forester,MT,,USDM/Forester/A2WC410I-2005-USDM-Subaru-Forester-XT-MT.hex
A2WC411I,engine,USDM,2005,Forester,MT,,USDM/Forester/A2WC411I-2005-USDM-Subaru-Forester-XT-MT.hex
A2WC412D,engine,USDM,2005,Forester,AT,valid,USDM/Forester/A2WC412D-2005-USDM-Subaru-Forester-XT-AT.hex
A2WC412I,engine,USDM,2005,Forester,MT,valid,USDM/Forester/A2WC412I-2005-USDM-Subaru-Forester-XT-MT.hex
A2WC420F,engine,EDM,2004,,,,EDM/Forester/A2WC420F-2004-EDM-Forester-XT.hex
A2WC420H,engine,ADM,2005,Forester,AT,,ADM/Forester/A2WC420H-2005-ADM-Subaru-Forester-XT-AT.hex
A2WC420M,engine,ADM,2005,Forester,MT,,ADM/Forester/A2WC420M-2005-ADM-Subaru-Forester-XT-MT.hex
A2WC50,engine,USDM,2004,Baja,AT,,USDM/Baja/A2WC50-A2WC50ZU-2004-USDM-Subaru-Baja-XT-AT.hex
A2WC500C,engine,USDM,2005,Legacy,AT,,USDM/Legacy/A2WC500C-2005-USDM-Subaru-Legacy-GT-AT.hex
A2WC500K,engine,USDM,2005,Baja,AT,valid,USDM/Baja/A2WC500K-2005-USDM-Subaru-Baja-2.5T-AT.hex
A2WC500L,engine,USDM,2005,Baja,MT,valid,USDM/Baja/A2WC500L-2005-USDM-Subaru-Baja-2.5T-MT.hex
A2WC500N,engine,USDM,2005,,,,USDM/Legacy/A2WC500N-2005-USDM-Legacy-GT.hex
A2WC500R,engine,USDM,2005,Outback,AT,,USDM/Outback/A2WC500R-2005-USDM-Subaru-Outback-XT-AT.hex
A2WC500S,engine,USDM,2005,Outback,MT,,USDM/Outback/A2WC500S-2005-USDM-Subaru-Outback-XT-MT.hex
A2WC501K,engine,USDM,2005,Baja,AT,,USDM/Baja/A2WC501K-2005-USDM-Subaru-Baja-Turbo-AT.hex
A2WC501L,engine,USDM,2005,,,,USDM/Baja/A2WC501L-2005-USDM-Baja-Turbo.hex
A2WC510C,engine,USDM,2005,,,,USDM/Legacy/A2WC510C-2005-USDM-Legacy-GT.hex
A2WC510N,engine,USDM,2005,Legacy,MT,,USDM/Legacy/A2WC510N-2005-USDM-Subaru-Legacy-GT-MT.hex
A2WC510R,engine,USDM,2005,Outback,AT,,USDM/Outback/A2WC510R-2005-USDM-Subaru-Outback-XT-AT.hex
A2WC510S,engine,USDM,2005,Outback,MT,,USDM/Outback/A2WC510S-2005-USDM-Subaru-Outback-XT-MT.hex
A2WC511N,engine,USDM,2005,Legacy,MT,,USDM/Legacy/A2WC511N-2005-USDM-Subaru-Legacy-GT-MT.hex
A2WC511R,engine,USDM,2005,,,,USDM/Outback/A2WC511R-2005-USDM-Outback-XT.hex
A2WC521C,engine,USDM,2005,Legacy,AT,valid,USDM/Legacy/A2WC521C-2005-USDM-Subaru-Legacy-GT-AT.hex
A2WC521N,engine,USDM,2005,Legacy,MT,valid,USDM/Legacy/A2WC521N-2005-USDM-Subaru-Legacy-GT-MT.hex
A2WC521R,engine,USDM,2005,Outback,AT,valid,USDM/Outback/A2WC521R-2005-USDM-Subaru-Outback-GT-AT.hex
A2WC521S,engine,USDM,2005,Outback,MT,valid,USDM/Outback/A2WC521S-2005-USDM-Subaru-Outback-GT-MT.hex
A2WC522N,engine,USDM,2005,Legacy,MT,valid,USDM/Legacy/A2WC522N-2005-USDM-Subaru-Legacy-GT-MT.hex
A2WC522S,engine,USDM,2005,Legacy,MT,valid,USDM/Legacy/A2WC522S-2005-USDM-Subaru-Legacy-GT-MT.hex
A2WD000A,engine,JDM,2004,Legacy,AT,,JDM/Legacy/A2WD000A-2004-JDM-Subaru-Legacy-GT-AT.hex
A2WD001A,engine,JDM,2004,,,,JDM/Legacy/A2WD001A-2004-JDM-Legacy-GT.hex
A2WD001B,engine,JDM,2004,Legacy,MT,,JDM/Legacy/A2WD001B-2004-JDM-Subaru-Legacy-GT-MT.hex
A2WD001G,engine,ADM,2004,,,,ADM/Legacy/A2WD001G-2004-ADM-Liberty-GT.hex
A2WD002T,engine,ADM,2005,,,,ADM/Legacy/A2WD002T-2005-ADM-Liberty-GT.hex
A2WD010A,engine,JDM,2004,Legacy,AT,,JDM/Legacy/A2WD010A-2004-JDM-Subaru-Legacy-GT-AT.hex
A2WD010B,engine,JDM,2004,Legacy,MT,,JDM/Legacy/A2WD010B-2004-JDM-Subaru-Legacy-GT-MT.hex
A2WD010G,engine,ADM,2004,Liberty,AT,,ADM/Legacy/A2WD010G-2004-ADM-Subaru-Liberty-GT-AT.hex
A2WD010T,engine,ADM,2005,Liberty,MT,,ADM/Legacy/A2WD010T-2005-ADM-Subaru-Liberty-GT-MT.hex
A2WD010Y,engine,ADM,2006,Liberty,AT,,ADM/Legacy/A2WD010Y-2006-ADM-Subaru-Liberty-GT-AT.hex
A2WD010Z,engine,ADM,2006,Liberty,MT,,ADM/Legacy/A2WD010Z-2006-ADM-Subaru-Liberty-GT-MT.hex
A2WD012A,engine,JDM,2004,Legacy,AT,,JDM/Legacy/A2WD012A-2004-JDM-Subaru-Legacy-GT-AT.hex
A2WD012B,engine,JDM,2004,,,,JDM/Legacy/A2WD012B-2004-JDM-Legacy-GT.hex
A2WD012G,engine,ADM,2004,Liberty,AT,,ADM/Legacy/A2WD012G-2004-ADM-Subaru-Liberty-GT-AT.hex
A2WD012T,engine,ADM,2005,Liberty,MT,,ADM/Legacy/A2WD012T-2005-ADM-Subaru-Liberty-GT-MT.hex
A2WF100L,engine,USDM,2006,Baja,MT,,USDM/Baja/A2WF100L-2006-USDM-Subaru-Baja-Turbo-MT.hex
A2WF101K,engine,USDM,2006,Baja,AT,,USDM/Baja/A2WF101K-2006-USDM-Subaru-Baja-Turbo-AT.hex
A2WF101L,engine,USDM,2006,,,,USDM/Baja/A2WF101L-2006-USDM-Baja-Turbo.hex
A2WF200C,engine,USDM,2006,Legacy,AT,,USDM/Legacy/A2WF200C-2006-USDM-Subaru-Legacy-GT-AT.hex
A2WF200N,engine,USDM,2006,,,,USDM/Legacy/A2WF200N-2006-USDM-Legacy-GT.hex
A2WF200R,engine,USDM,2006,,,,USDM/Outback/A2WF200R-2006-USDM-Outback-XT.hex
A2WF200S,engine,USDM,2006,Outback,MT,,USDM/Outback/A2WF200S-2006-USDM-Subaru-Outback-XT-MT.hex
A2ZJ201D,engine,USDM,2004,,,,USDM/Forester/A2ZJ201D-2004-USDM-Forester-XT.hex
A2ZJ211D,engine,USDM,2004,Forester,AT,valid,USDM/Forester/A2ZJ211D-2004-USDM-Subaru-Forester-XT-AT.hex
A2ZJ500F,engine,EDM,2004,,,,EDM/Forester/A2ZJ500F-2004-EDM-Forester-XT.hex
A2ZJ500H,engine,ADM,2004,Forester,AT,,ADM/Forester/A2ZJ500H-2004-ADM-Subaru-Forester-XT-AT.hex
A2ZJ500I,engine,USDM,2004,Forester,MT,,USDM/Forester/A2ZJ500I-2004-USDM-Subaru-Forester-XT-MT.hex
A2ZJ500J,engine,USDM,2004,STI,,,USDM/STI/A2ZJ500J-2004-USDM-Subaru-Impreza-STi.hex
A2ZJ500K,engine,USDM,2004,,,,USDM/Baja/A2ZJ500K-2004-USDM-Baja-Turbo.hex
A2ZJ500L,engine,USDM,2004,Baja,MT,,USDM/Baja/A2ZJ500L-2004-USDM-Subaru-Baja-Turbo-MT.hex
A2ZJ500M,engine,ADM,2004,Forester,MT,,ADM/Forester/A2ZJ500M-2004-ADM-Subaru-Forester-XT-MT.hex
A2ZJ511I,engine,USDM,2004,Forester,MT,valid,USDM/Forester/A2ZJ511I-2004-USDM-Subaru-Forester-XT-MT.hex
A2ZJ512I,engine,USDM,2004,Forester,MT,valid,USDM/Forester/A2ZJ512I-2004-USDM-Subaru-Forester-XT-MT.hex
A2ZJ600B,engine,JDM,2004,,,,JDM/Legacy/A2ZJ600B-2004-JDM-Legacy-GT.hex
A2ZJ601A,engine,JDM,2004,Legacy,AT,,JDM/Legacy/A2ZJ601A-2004-JDM-Subaru-Legacy-GT-AT.hex
A2ZJ700J,engine,USDM,2004,STI,,,USDM/STI/A2ZJ700J-2004-USDM-Subaru-Impreza-STI.hex
A2ZJ710J,engine,USDM,2004,STI,MT,valid,USDM/STI/A2ZJ710J-2004-USDM-Subaru-Impreza-STI-MT.hex
A2ZJ800A,engine,JDM,2004,,,,JDM/Legacy/A2ZJ800A-2004-JDM-Legacy-GT.hex
A2ZJ800G,engine,ADM,2004,Liberty,AT,,ADM/Legacy/A2ZJ800G-2004-ADM-Subaru-Liberty-GT-AT.hex
A2ZJA00P,engine,EDM,2005,Forester,MT,,EDM/Forester/A2ZJA00P-2005-EDM-Subaru-Forester-XT-MT-AT.hex
A2ZJA00Q,engine,ADM,2005,,,,ADM/Forester/A2ZJA00Q-2005-ADM-Forester-XT.hex
A2ZJA10P,engine,EDM,2005,,,,EDM/Forester/A2ZJA10P-2005-EDM-Forester-XT.hex
A2ZJB10J,engine,USDM,2005,STI,,,USDM/STI/A2ZJB10J-2005-USDM-Subaru-Impreza-STi.hex
A2ZJB11J,engine,USDM,2005,STI,MT,,USDM/STI/A2ZJB11J-2005-USDM-Subaru-Impreza-STi-MT.hex
A2ZJC00A,engine,JDM,2005,,,,JDM/Legacy/A2ZJC00A-2005-JDM-Legacy-2.0-GT-Auto.hex
A2ZJC00A,engine,JDM,2005,Legacy,AT,,JDM/Legacy/A2ZJC00A-2005-JDM-Subaru-Legacy-GT-AT.hex
A2ZJC00B,engine,JDM,2004,Legacy,MT,,JDM/Legacy/A2ZJC00B-2004-JDM-Subaru-Legacy-GT-MT.hex
A2ZJC00G,engine,ADM,2004,Liberty,AT,,ADM/Legacy/A2ZJC00G-2004-ADM-Subaru-Liberty-GT-AT.hex
A2ZJD00A,engine,JDM,2004,Legacy,AT,,JDM/Legacy/A2ZJD00A-2004-JDM-Subaru-Legacy-GT-AT.hex
A2ZJD00B,engine,JDM,2004,Legacy,MT,,JDM/Legacy/A2ZJD00B-2004-JDM-Subaru-Legacy-GT-MT.hex
A2ZJD00G,engine,ADM,2004,Liberty,AT,,ADM/Legacy/A2ZJD00G-2004-ADM-Subaru-Liberty-GT-AT.hex
A2ZJD02A,engine,JDM,2003,,,,JDM/Legacy/A2ZJD02A-2003-JDM-Legacy-2.0-GT-Auto.hex
A2ZJD02G,engine,ADM,2004,,,,ADM/Legacy/A2ZJD02G-2004-ADM-Liberty-GT.hex
A2ZJE11J,engine,USDM,2006,STI,,,USDM/STI/A2ZJE11J-2006-USDM-Subaru-Impreza-STI.hex
A4RG050N,engine,JDM,2001,STI,MT,,JDM/STI/A4RG050N-2001-02-JDM-Subaru-Impreza-STi-MT-AT.hex
A4RG050R,engine,JDM,2001,STI,MT,,JDM/STI/A4RG050R-2001-02-JDM-Subaru-Impreza-STi-MT-AT.hex
A4RG051N,engine,JDM,2001,STI,MT,,JDM/STI/A4RG051N-2001-02-JDM-Subaru-Impreza-STi-MT-AT.hex
A4RG052N,engine,JDM,2002,STI,,,JDM/STI/A4RG052N-2002-JDM-Subaru-Impreza-STI-S202.hex
A4RG060P,engine,ADM,2001,STI,,,ADM/STI/A4RG060P-2001-02-ADM-Subaru-Impreza-STi.hex
A4RG060Q,engine,EDM,2001,STI,MT,,EDM/STI/A4RG060Q-2001-02-EDM-Subaru-Impreza-STi-MT.hex
A4RG060Q,engine,EDM,2002,STI,,,EDM/STI/A4RG060Q-2002-EDM-Subaru-Impreza-STI.hex
A4RI200I,engine,JDM,2001,Forester,MT,,JDM/Forester/A4RI200I-2001-02-JDM-Subaru-Forester-Turbo-MT-AT.hex
A4RI300I,engine,JDM,2001,Forester,MT,,JDM/Forester/A4RI300I-2001-02-JDM-Subaru-Forester-Turbo-MT-AT.hex
A4RI401I,engine,JDM,2001,,,,JDM/Forester/A4RI401I-2001-02-JDM-Forester-Turbo.hex
A4RL100J,engine,EDM,2003,,,,EDM/Forester/A4RL100J-2003-EDM-Forester-Turbo.HEX
A4RL100K,engine,ADM,2003,,,,ADM/Forester/A4RL100K-2003-ADM-Forester-Turbo.hex
A4RM100F,engine,ADM,2005,WRX,,,ADM/WRX/A4RM100F-2005-ADM-Subaru-Impreza-WRX.hex
A4RM100G,engine,ADM,2003,STI,MT,,ADM/STI/A4RM100G-2003-ADM-Subaru-Impreza-STi-MT-AT.hex
A4RM100H,engine,EDM,2003,STI,,,EDM/STI/A4RM100H-2003-EDM-Subaru-Impreza-STI.hex
A4RM200K,engine,SADM,2005,WRX,MT,,ADM/WRX/A4RM200K-2005-SADM-Subaru-Impreza-WRX-MT-AT.hex
A4RN1000,engine,EDM,2001,STI,,,EDM/STI/A4RN1000-2001-02-EDM-Subaru-Impreza-STi.hex
A4RN200H,engine,EDM,2003,STI,MT,,EDM/STI/A4RN200H-2003-EDM-Subaru-Impreza-STi-MT.hex
A4RN300G,engine,EDM,2005,STI,,,EDM/STI/A4RN300G-2005-EDM-Subaru-Impreza-STI.hex
A4RN300I,engine,ADM,2004,STI,,,ADM/STI/A4RN300I-2004-ADM-Subaru-Impreza-STi.hex
A4SD501A,engine,JDM,2001,WRX,MT,,JDM/WRX/A4SD501A-2001-02-JDM-Subaru-Impreza-WRX-MT-AT.hex
A4SD800A,engine,JDM,2001,WRX,,,JDM/WRX/A4SD800A-2001-02-JDM-Subaru-Impreza-WRX.hex
A4SD800B,engine,JDM,2001,STI,MT,,JDM/STI/A4SD800B-2001-02-JDM-Subaru-Impreza-STi-MT-AT.hex
A4SD900A,engine,JDM,2001,WRX,MT,,JDM/WRX/A4SD900A-2001-02-JDM-Subaru-Impreza-WRX-MT-AT.hex
A4SD900B,engine,JDM,2001,STI,,,JDM/STI/A4SD900B-2001-02-JDM-Subaru-Impreza-STi.hex
A4SDA00P,engine,JDM,2001,STI,MT,,JDM/STI/A4SDA00P-2001-02-JDM-Subaru-Impreza-STi-MT-AT.hex
A4SDA00Q,engine,JDM,2001,STI,MT,,JDM/STI/A4SDA00Q-2001-02-JDM-Subaru-Impreza-STi-MT-AT.hex
A4SDA01B,engine,JDM,2001,STI,,,JDM/STI/A4SDA01B-2001-02-JDM-Subaru-Impreza-STi.hex
A4SDA01Q,engine,JDM,2001,STI,,,JDM/STI/A4SDA01Q-2001-02-JDM-Subaru-Impreza-STi.hex
A4SE300D,engine,EDM,2001,WRX,MT,,EDM/WRX/A4SE300D-2001-02-EDM-Subaru-Impreza-WRX-MT-AT.hex
A4SE700D,engine,EDM,2001,WRX,,,EDM/WRX/A4SE700D-2001-02-EDM-Subaru-Impreza-WRX.hex
A4SE700D,engine,EDM,2001,WRX,,,EDM/WRX/A4SE700D-2001-EDM-Subaru-Impreza-WRX.hex
A4SE700E,engine,EDM,2001,,,,EDM/Forester/A4SE700E-2001-02-EDM-Forester-Turbo.hex
A4SE700F,engine,ADM,2001,Forester,MT,,ADM/Forester/A4SE700F-2001-02-ADM-Subaru-Forester-Turbo-MT-AT.hex
A4SE700I,engine,ADM,2001,WRX,,,ADM/WRX/A4SE700I-2001-02-ADM-Subaru-Impreza-WRX.hex
A4SE700J,engine,ADM,2001,,,,ADM/Forester/A4SE700J-2001-02-ADM-Forester-Turbo.hex
A4SE900D,engine,EDM,2001,WRX,,,EDM/WRX/A4SE900D-2001-EDM-Subaru-Impreza-WRX.hex
A4SE900I,engine,ADM,2001,WRX,,,ADM/WRX/A4SE900I-2001-02-ADM-Subaru-Impreza-WRX.hex
A4SG900C,engine,USDM,2002,WRX,,,USDM/WRX/A4SG900C-2002-USDM-Subaru-Impreza-WRX.hex
A4SGA00C,engine,USDM,2002,WRX,,,USDM/WRX/A4SGA00C-2002-USDM-Subaru-Impreza-WRX.hex
A4SGC00C,engine,USDM,2002,WRX,,,USDM/WRX/A4SGC00C-2002-USDM-Subaru-Impreza-WRX.hex
A4SGD10C,engine,USDM,2002,WRX,,,USDM/WRX/A4SGD10C-2002-USDM-Subaru-Impreza-WRX.hex
A4SGE00C,engine,USDM,2002,WRX,MT,,USDM/WRX/A4SGE00C-2002-USDM-Subaru-Impreza-WRX-MT-AT.hex
A4SGE01C,engine,USDM,2002,WRX,,,USDM/WRX/A4SGE01C-2002-USDM-Subaru-Impreza-WRX.hex
A4SH701G,engine,JDM,2002,Legacy,MT,,JDM/Legacy/A4SH701G-2002-JDM-Subaru-Legacy-BH-MT-AT.hex
A4SH701K,engine,ADM,2002,,,,ADM/Legacy/A4SH701K-2002-ADM-Liberty-B4.hex
A4SHA10R,engine,ADM,2003,,,,ADM/Legacy/A4SHA10R-2003-ADM-Liberty-B4.hex
A4SHB00G,engine,JDM,2002,Legacy,MT,,JDM/Legacy/A4SHB00G-2002-JDM-Subaru-Legacy-BH-MT-AT.hex
A4SHB00H,engine,JDM,2002,,,,JDM/Legacy/A4SHB00H-2002-JDM-Legacy-B4.hex
A4SHC00G,engine,JDM,2002,,,,JDM/Legacy/A4SHC00G-2002-JDM-Legacy-B4.hex
A4SHC00H,engine,JDM,2002,Legacy,MT,,JDM/Legacy/A4SHC00H-2002-03-JDM-Subaru-Legacy-2.0TT-MT.hex
A4SHC01G,engine,JDM,2002,,,,JDM/Legacy/A4SHC01G-2002-JDM-Legacy-B4-MTAT.hex
A4TC101L,engine,USDM,2003,WRX,,,USDM/WRX/A4TC101L-2003-USDM-Subaru-Impreza-WRX.hex
A4TC300K,engine,USDM,2003,WRX,AT,,USDM/WRX/A4TC300K-2003-USDM-Subaru-Impreza-WRX-AT.hex
A4TC300L,engine,USDM,2003,WRX,MT,,USDM/WRX/A4TC300L-2003-USDM-Subaru-Impreza-WRX-MT.hex
A4TC400L,engine,USDM,2003,WRX,,,USDM/WRX/A4TC400L-2003-USDM-Subaru-Impreza-WRX.hex
A4TC401L,engine,USDM,2003,WRX,,,USDM/WRX/A4TC401L-2003-USDM-Subaru-Impreza-WRX.hex
A4TE000A,engine,JDM,2003,WRX,MT,,JDM/WRX/A4TE000A-2003-JDM-Subaru-Impreza-WRX-MT-AT.hex
A4TE001B,engine,JDM,2003,STI,,,JDM/STI/A4TE001B-2003-JDM-Subaru-Impreza-STI.hex
A4TE001G,engine,EDM,2003,WRX,,,EDM/WRX/A4TE001G-2003-EDM-Subaru-Impreza-WRX.hex
A4TE001I,engine,ADM,2003,WRX,,,ADM/WRX/A4TE001I-2003-ADM-Subaru-Impreza-WRX.hex
A4TE002B,engine,JDM,2003,STI,,,JDM/STI/A4TE002B-2003-JDM-Subaru-Impreza-STi.hex
A4TE002C,engine,JDM,2003,STI,,,JDM/STI/A4TE002C-2003-JDM-Subaru-Impreza-STI-SpecC.hex
A4TE100G,engine,EDM,2003,WRX,,,EDM/WRX/A4TE100G-2003-EDM-Subaru-Impreza-WRX.hex
A4TE200A,engine,JDM,2004,WRX,,,JDM/WRX/A4TE200A-2004-JDM-Subaru-Impreza-WRX.hex
A4TE300D,engine,EDM,2005,WRX,MT,,EDM/WRX/A4TE300D-2005-EDM-Subaru-Impreza-WRX-MT-AT.hex
A4TF300E,engine,USDM,2004,WRX,,,USDM/WRX/A4TF300E-2004-USDM-Subaru-Impreza-WRX.hex
A4TF300F,engine,USDM,2004,WRX,,,USDM/WRX/A4TF300F-2004-USDM-Subaru-Impreza-WRX.hex
A4TF400E,engine,USDM,2004,WRX,AT,,USDM/WRX/A4TF400E-2004-USDM-Subaru-Impreza-WRX-AT.hex
A4TF500F,engine,USDM,2004,WRX,,,USDM/WRX/A4TF500F-2004-USDM-Subaru-Impreza-WRX.hex
A4TF510E,engine,USDM,2004,WRX,AT,n/a(scheme),USDM/WRX/A4TF510E-2004-USDM-Subaru-Impreza-WRX-AT.hex
A4TF510F,engine,USDM,2004,WRX,MT,n/a(scheme),USDM/WRX/A4TF510F-2004-USDM-Subaru-Impreza-WRX-MT.hex
A4TF520F,engine,USDM,2004,WRX,MT,n/a(scheme),USDM/WRX/A4TF520F-2004-USDM-Subaru-Impreza-WRX-MT.hex
A4TF520F,engine,USDM,2004,WRX,,n/a(scheme),USDM/WRX/A4TF520F-2004-USDM-Subaru-Impreza-WRX.hex
A4TF800E,engine,USDM,2005,WRX,AT,,USDM/WRX/A4TF800E-2005-USDM-Subaru-Impreza-WRX-AT.hex
A4TF800F,engine,USDM,2005,WRX,,,USDM/WRX/A4TF800F-2005-USDM-Subaru-Impreza-WRX.hex
A4TF810F,engine,USDM,2005,WRX,MT,n/a(scheme),USDM/WRX/A4TF810F-2005-USDM-Subaru-Impreza-WRX-MT.hex
A4TH000N,engine,ADM,2004,WRX,MT,,ADM/WRX/A4TH000N-2004-ADM-Subaru-Impreza-WRX-MT-AT.hex
A4TH000O,engine,ADM,2004,WRX,,,ADM/WRX/A4TH000O-2004-ADM-Subaru-Impreza-WRX.hex
A4TH100H,engine,ADM,2005,WRX,MT,,ADM/WRX/A4TH100H-2005-ADM-Subaru-Impreza-WRX-MT-AT.hex
A4TH100L,engine,ADM,2005,WRX,,,ADM/WRX/A4TH100L-2005-ADM-Subaru-Impreza-WRX-WRP10-limited.hex
A4TJ111B,engine,JDM,2005,STI,,,JDM/STI/A4TJ111B-2005-JDM-Subaru-Impreza-STi.hex
A4TJ111C,engine,JDM,2005,STI,MT,,JDM/STI/A4TJ111C-2005-JDM-Subaru-Impreza-STi-MT-AT.hex
A4TJ120S,engine,JDM,2005,STI,,,JDM/STI/A4TJ120S-2005-JDM-Subaru-Impreza-STI-S203.hex
A4TJ121B,engine,JDM,2005,STI,,,JDM/STI/A4TJ121B-2005-JDM-Subaru-Impreza-STi.hex
A4TJ121C,engine,JDM,2006,STI,,,JDM/STI/A4TJ121C-2006-JDM-Subaru-Impreza-STI-SpecC-TypeRA.hex
A4TJ121S,engine,JDM,2005,STI,,,JDM/STI/A4TJ121S-2005-JDM-Subaru-Impreza-STI-S204.hex
A4TJ1X00,engine,JDM,,STI,MT,,JDM/STI/A4TJ1X00-20xx-JDM-Subaru-Impreza-STi-MT-AT.hex
A8DH100E,engine,SADM,2006,Forester,AT,,ADM/Forester/A8DH100E-2006-SADM-Subaru-Forester-XT-AT.hex
A8DH100F,engine,EDM,2006,,,,EDM/Forester/A8DH100F-2006-EDM-Forester-XT.hex
A8DH100H,engine,ADM,2006,Forester,AT,,ADM/Forester/A8DH100H-2006-ADM-Subaru-Forester-XT-AT.hex
A8DH100I,engine,USDM,2006,Forester,MT,,USDM/Forester/A8DH100I-2006-USDM-Subaru-Forester-XT-MT.hex
A8DH100M,engine,ADM,2006,,,,ADM/Forester/A8DH100M-2006-ADM-Forester-XT.hex
A8DH100P,engine,EDM,2006,,AT,,EDM/Forester/A8DH100P-2006-EDM-Forester-XT-AT.hex
A8DH101I,engine,USDM,2006,Forester,MT,,USDM/Forester/A8DH101I-2006-USDM-Subaru-Forester-XT-MT.hex
A8DH101P,engine,EDM,2006,Forester,AT,,EDM/Forester/A8DH101P-2006-EDM-Subaru-Forester-XT-AT.hex
A8DH102I,engine,USDM,2006,Forester,MT,valid,USDM/Forester/A8DH102I-2006-USDM-Subaru-Forester-XT-MT.hex
A8DH200O,engine,ADM,2006,WRX,MT,,ADM/WRX/A8DH200O-2006-ADM-Subaru-Impreza-WRX-MT.hex
A8DH200U,engine,SADM,2006,WRX,MT,,ADM/WRX/A8DH200U-2006-SADM-Subaru-Impreza-WRX-MT.hex
A8DH200V,engine,ADM,2006,STI,MT,,ADM/STI/A8DH200V-2006-ADM-Subaru-Impreza-STI-MT.hex
A8DH200W,engine,USDM,2006,WRX,AT,,USDM/WRX/A8DH200W-2006-USDM-Subaru-Impreza-WRX-AT.hex
A8DH200X,engine,USDM,2006,WRX,,,USDM/WRX/A8DH200X-2006-USDM-Subaru-Impreza-WRX.hex
A8DH200Y,engine,EDM,2006,WRX,MT,,EDM/WRX/A8DH200Y-2006-EDM-Subaru-Impreza-WRX-MT.hex
A8DH200Z,engine,EDM,2006,STI,,,EDM/STI/A8DH200Z-2006-EDM-Subaru-Impreza-STI.hex
A8DH201W,engine,USDM,2006,WRX,AT,valid,USDM/WRX/A8DH201W-2006-USDM-Subaru-Impreza-WRX-AT.hex
A8DH201X,engine,USDM,2006,WRX,MT,valid,USDM/WRX/A8DH201X-2006-USDM-Subaru-Impreza-WRX-MT.hex
A8DH202X,engine,USDM,2006,WRX,MT,valid,USDM/WRX/A8DH202X-2006-USDM-Subaru-Impreza-WRX-MT.hex
A8DH2Z1Z,engine,EDM,2006,STI,,,EDM/STI/A8DH2Z1Z-2006-EDM-Subaru-Impreza-STI.hex
A8DK100D,engine,USDM,2007,Forester,AT,,USDM/Forester/A8DK100D-2007-USDM-Subaru-Forester-XT-AT.hex
A8DK100E,engine,SADM,2007,Forester,AT,,ADM/Forester/A8DK100E-2007-SADM-Subaru-Forester-XT-AT.hex
A8DK100F,engine,EDM,2007,,MT,,EDM/Forester/A8DK100F-2007-EDM-Forester-XT-MT.hex
A8DK100H,engine,ADM,2007,,,,ADM/Forester/A8DK100H-2007-ADM-Forester-XT.hex
A8DK100I,engine,USDM,2007,,,,USDM/Forester/A8DK100I-2007-2008-USDM-Forester-XT.hex
A8DK100L,engine,ADM,2007,WRX,MT,,ADM/WRX/A8DK100L-2007-ADM-Subaru-Impreza-WRX-MT.hex
A8DK100M,engine,ADM,2007,Forester,MT,,ADM/Forester/A8DK100M-2007-ADM-Subaru-Forester-XT-MT.hex
A8DK100O,engine,ADM,2007,WRX,MT,,ADM/WRX/A8DK100O-2007-ADM-Subaru-Impreza-WRX-MT.hex
A8DK100P,engine,EDM,2007,WRX,AT,,EDM/WRX/A8DK100P-2007-EDM-Subaru-Impreza-WRX-AT.hex
A8DK100Q,engine,SADM,2008,Forester,MT,,ADM/Forester/A8DK100Q-2008-SADM-Subaru-Forester-XT-MT.hex
A8DK100U,engine,SADM,2007,WRX,MT,,ADM/WRX/A8DK100U-2007-SADM-Subaru-Impreza-WRX-MT.hex
A8DK100V,engine,ADM,2007,STI,,,ADM/STI/A8DK100V-2007-ADM-Subaru-Impreza-STI.hex
A8DK100W,engine,USDM,2007,WRX,AT,,USDM/WRX/A8DK100W-2007-USDM-Subaru-Impreza-WRX-AT.hex
A8DK100X,engine,USDM,2007,WRX,,,USDM/WRX/A8DK100X-2007-USDM-Subaru-Impreza-WRX.hex
A8DK100Y,engine,EDM,2007,WRX,,,EDM/WRX/A8DK100Y-2007-EDM-Subaru-Impreza-WRX.hex
A8DK100Z,engine,EDM,2007,STI,MT,,EDM/STI/A8DK100Z-2007-EDM-Subaru-Impreza-STI-MT.hex
A8DK101W,engine,USDM,2007,WRX,AT,valid,USDM/WRX/A8DK101W-2007-USDM-Subaru-Impreza-WRX-AT.hex
A8DK101X,engine,USDM,2007,WRX,MT,valid,USDM/WRX/A8DK101X-2007-USDM-Subaru-Impreza-WRX-MT.hex
AE5F300A,engine,JDM,2012,Legacy,AT,,JDM/Legacy/AE5F300A-2012-JDM-Subaru-Legacy-GT-AT.hex
AE5F300B,engine,JDM,2009,Legacy,AT,,JDM/Legacy/AE5F300B-2009-JDM-Subaru-Legacy-GT-AT.hex
AE5F301C,engine,EDM,2010,,,,EDM/Legacy/AE5F301C-2010-EDM-Legacy-GT.hex
AE5F301D,engine,ADM,2010,Liberty,MT,,ADM/Legacy/AE5F301D-2010-ADM-Subaru-Liberty-GT-MT.hex
AE5F301E,engine,USDM,2010,Legacy,MT,,USDM/Legacy/AE5F301E-2010-USDM-Subaru-Legacy-GT-MT.hex
AE5F301H,engine,EDM,2010,Legacy,AT,,EDM/Legacy/AE5F301H-2010-EDM-Subaru-Legacy-GT-AT.hex
AE5I001A,engine,JDM,2011,Legacy,AT,,JDM/Legacy/AE5I001A-2011-JDM-Subaru-Legacy-GT-AT.hex
AE5I410A,engine,JDM,2011,Legacy,AT,,JDM/Legacy/AE5I410A-2011-JDM-Subaru-Legacy-GT-AT.hex
AE5I500F,engine,ADM,2012,Liberty,AT,,ADM/Legacy/AE5I500F-2012-ADM-Subaru-Liberty-GT-AT.hex
AE5I500G,engine,JDM,2011,Legacy,AT,,JDM/Legacy/AE5I500G-2011-JDM-Subaru-Legacy-GT-AT.hex
AE5I500N,engine,JDM,2011,STI,AT,,JDM/STI/AE5I500N-2011-JDM-Subaru-Impreza-STI-AT.hex
AE5I910E,engine,USDM,2011,Legacy,MT,valid,USDM/Legacy/AE5I910E-2011-USDM-Subaru-Legacy-GT-MT.hex
AE5I910L,engine,USDM,2011,WRX,MT,valid,USDM/WRX/AE5I910L-2011-USDM-Subaru-Impreza-WRX-MT.hex
AE5I910V,engine,USDM,2011,STI,MT,valid,USDM/STI/AE5I910V-2011-USDM-Subaru-Impreza-STI-MT.hex
AE5IA10L,engine,USDM,2011,WRX,MT,,USDM/WRX/AE5IA10L-2011-USDM-Subaru-Impreza-WRX-MT.hex
AE5IB00L,engine,USDM,2011,WRX,MT,,USDM/WRX/AE5IB00L-2011-USDM-Subaru-Impreza-WRX-MT.hex
AE5IB00V,engine,USDM,2011,STI,MT,,USDM/STI/AE5IB00V-2011-USDM-Subaru-Impreza-STI-MT.hex
AE5IB40L,engine,USDM,2011,WRX,MT,valid,USDM/WRX/AE5IB40L-2011-USDM-Subaru-Impreza-WRX-MT.hex
AE5IB40R,engine,USDM,2011,Forester,AT,,USDM/Forester/AE5IB40R-2011-USDM-Subaru-Forester-XT-AT.hex
AE5IB40V,engine,USDM,2011,STI,MT,valid,USDM/STI/AE5IB40V-2011-USDM-Subaru-Impreza-STI-MT.hex
AE5IB41R,engine,USDM,2011,Forester,AT,valid,USDM/Forester/AE5IB41R-2011-USDM-Subaru-Forester-XT-AT.hex
AE5IB50E,engine,USDM,2011,Legacy,MT,valid,USDM/Legacy/AE5IB50E-2011-USDM-Subaru-Legacy-GT-MT.hex
AE5K410E,engine,USDM,2012,Legacy,MT,,USDM/Legacy/AE5K410E-2012-USDM-Subaru-Legacy-GT-MT.hex
AE5K500L,engine,USDM,2012,WRX,MT,,USDM/WRX/AE5K500L-2012-USDM-Subaru-Impreza-WRX-MT.hex
AE5K500V,engine,USDM,2012,STI,,,USDM/STI/AE5K500V-2012-USDM-Subaru-Impreza-STI.Hex
AE5K611L,engine,USDM,2012,WRX,MT,,USDM/WRX/AE5K611L-2012-USDM-Subaru-Impreza-WRX-MT.hex
AE5K611V,engine,USDM,2012,STI,MT,,USDM/STI/AE5K611V-2012-USDM-Subaru-Impreza-STI-MT.hex
AE5K700L,engine,USDM,2012,WRX,MT,,USDM/WRX/AE5K700L-2012-USDM-Subaru-Impreza-WRX-MT.hex
AE5K700V,engine,USDM,2012,STI,MT,,USDM/STI/AE5K700V-2012-USDM-Subaru-Impreza-STI-MT.hex
AE5K800L,engine,USDM,2012,WRX,MT,valid,USDM/WRX/AE5K800L-2012-USDM-Subaru-Impreza-WRX-MT.hex
AE5K800V,engine,USDM,2012,STI,MT,valid,USDM/STI/AE5K800V-2012-USDM-Subaru-Impreza-STI-MT.hex
AE5K801R,engine,USDM,2012,Forester,AT,valid,USDM/Forester/AE5K801R-2012-USDM-Subaru-Forester-XT-AT.hex
AE5K900E,engine,USDM,2012,Legacy,MT,valid,USDM/Legacy/AE5K900E-2012-USDM-Subaru-Legacy-GT-MT.hex
AE5L500L,engine,USDM,2013,WRX,MT,,USDM/WRX/AE5L500L-2013-USDM-Subaru-Impreza-WRX-MT.hex
AE5L500R,engine,USDM,2013,Forester,MT,,USDM/Forester/AE5L500R-2013-USDM-Subaru-Forester-XT-MT.hex
AE5L500V,engine,USDM,2013,STI,MT,,USDM/STI/AE5L500V-2013-USDM-Subaru-Impreza-STI-MT.hex
AE5L600L,engine,USDM,2013,WRX,MT,,USDM/WRX/AE5L600L-2013-USDM-Subaru-Impreza-WRX-MT.hex
AE5L700L,engine,USDM,2013,WRX,MT,valid,USDM/WRX/AE5L700L-2013-USDM-Subaru-Impreza-WRX-MT.hex
AE5L700R,engine,USDM,2013,Forester,AT,valid,USDM/Forester/AE5L700R-2013-USDM-Subaru-Forester-XT-AT.hex
AE5L700V,engine,USDM,2013,STI,MT,valid,USDM/STI/AE5L700V-2013-USDM-Subaru-Impreza-STI-MT.hex
AE5M100G,engine,EDM,2013,Legacy,AT,,EDM/Legacy/AE5M100G-2013-EDM-Subaru-Legacy-GT-AT.hex
AE5Q100L,engine,USDM,2014,WRX,MT,,USDM/WRX/AE5Q100L-2014-USDM-Subaru-Impreza-WRX-MT.hex
AE5Q100V,engine,USDM,2014,STI,MT,,USDM/STI/AE5Q100V-2014-USDM-Subaru-Impreza-STI-MT.hex
AE5Q200L,engine,USDM,2014,WRX,MT,valid,USDM/WRX/AE5Q200L-2014-USDM-Subaru-Impreza-WRX-MT.hex
AE5Q200V,engine,USDM,2014,STI,MT,valid,USDM/STI/AE5Q200V-2014-USDM-Subaru-Impreza-STI-MT.hex
AE5R100V,engine,USDM,2015,STI,,,USDM/STI/AE5R100V-2015-USDM-Subaru-Impreza-STI.hex
AE5R200V,engine,USDM,2015,STI,MT,valid,USDM/STI/AE5R200V-2015-USDM-Subaru-WRX-STI-MT.hex
AE5T110V,engine,USDM,2016,STI,MT,,USDM/STI/AE5T110V-2016-USDM-Subaru-Impreza-STI-MT.hex
AE5T200V,engine,USDM,2016,STI,MT,,USDM/STI/AE5T200V-2016-USDM-Subaru-Impreza-STI-MT.hex
AE5T300V,engine,USDM,2016,STI,MT,valid,USDM/STI/AE5T300V-2016-USDM-Subaru-WRX-STI-MT.hex
AE5W200V,engine,USDM,2017,STI,MT,valid,USDM/STI/AE5W200V-2017-USDM-Subaru-WRX-STI-MT.hex
AE5Z120V,engine,USDM,2018,STI,MT,valid,USDM/STI/AE5Z120V-2018-USDM-Subaru-WRX-STI-MT.hex
AE5Z120W,engine,USDM,2018,STI,MT,valid,USDM/STI/AE5Z120W-2018-USDM-Subaru-WRX-STI-MT.hex
AE5Z330V,engine,USDM,2019,STI,MT,valid,USDM/STI/AE5Z330V-2019-USDM-Subaru-WRX-STI-MT.hex
AE5Z510V00G,engine,USDM,2020,STI,MT,valid,USDM/STI/AE5Z510V00G-2020-USDM-Subaru-WRX-STI-MT.hex
AE5Z800A,engine,USDM,2021,STI,MT,,USDM/STI/AE5Z800A-2021-USDM-Subaru-Impreza-STI-MT.hex
AF5G200A,engine,JDM,2013,,,,JDM/Forester/AF5G200A-2013-JDM-Forester-SJG-DIT.hex
AZ1E400C,engine,ADM,2008,WRX,,,ADM/WRX/AZ1E400C-2008-ADM-Subaru-Impreza-WRX.hex
AZ1E400E,engine,ADM,2008,WRX,,,ADM/WRX/AZ1E400E-2008-ADM-Subaru-Impreza-WRX.hex
AZ1E400U,engine,EDM,2008,WRX,,,EDM/WRX/AZ1E400U-2008-EDM-Subaru-Impreza-WRX.hex
AZ1E401A,engine,USDM,2008,WRX,MT,,USDM/WRX/AZ1E401A-2008-USDM-Subaru-Impreza-WRX-MT.hex
AZ1E401B,engine,USDM,2008,WRX,AT,,USDM/WRX/AZ1E401B-2008-USDM-Subaru-Impreza-WRX-AT.hex
AZ1G100T,engine,SADM,2009,Forester,AT,,ADM/Forester/AZ1G100T-2009-SADM-Subaru-Forester-XT-AT.hex
AZ1G101M,engine,EDM,2009,Forester,MT,,EDM/Forester/AZ1G101M-2009-10-EDM-Subaru-Forester-XT-MT.hex
AZ1G101N,engine,EDM,2009,,,,EDM/Forester/AZ1G101N-2009-10-EDM-Forester-XT.hex
AZ1G101R,engine,USDM,2009,Forester,AT,,USDM/Forester/AZ1G101R-2009-USDM-Subaru-Forester-XT-AT.hex
AZ1G105L,engine,JDM,2009,Forester,AT,,JDM/Forester/AZ1G105L-2009-JDM-Subaru-Forester-XT-AT.hex
AZ1G111T,engine,SADM,2011,Forester,AT,,ADM/Forester/AZ1G111T-2011-SADM-Subaru-Forester-XT-AT.hex
AZ1G200J,engine,SADM,2008,STI,MT,,ADM/STI/AZ1G200J-2008-SADM-Subaru-Impreza-STI-MT.hex
AZ1G201G,engine,EDM,2008,STI,,,EDM/STI/AZ1G201G-2008-EDM-Subaru-Impreza-STI.hex
AZ1G201I,engine,USDM,2008,STI,,,USDM/STI/AZ1G201I-2008-2009-USDM-Subaru-Impreza-STI.hex
AZ1G202G,engine,EDM,2008,STI,,,EDM/STI/AZ1G202G-2008-EDM-Subaru-Impreza-STI.hex
AZ1G202I,engine,USDM,2008,STI,MT,valid,USDM/STI/AZ1G202I-2008-USDM-Subaru-Impreza-STI-MT.hex
AZ1G300F,engine,JDM,2008,STI,,,JDM/STI/AZ1G300F-2008-JDM-Subaru-Impreza-STI.hex
AZ1G301F,engine,JDM,2008,STI,,,JDM/STI/AZ1G301F-2008-JDM-Subaru-Impreza-STI.hex
AZ1G400U,engine,EDM,2009,WRX,,,EDM/WRX/AZ1G400U-2009-EDM-Subaru-Impreza-WRX.hex
AZ1G400W,engine,ADM,2009,WRX,MT,,ADM/WRX/AZ1G400W-2009-ADM-Subaru-Impreza-WRX-MT.hex
AZ1G400Y,engine,SADM,2009,WRX,MT,,ADM/WRX/AZ1G400Y-2009-SADM-Subaru-Impreza-WRX-MT.hex
AZ1G401V,engine,USDM,2009,WRX,MT,,USDM/WRX/AZ1G401V-2009-USDM-Subaru-Impreza-WRX-MT.hex
AZ1G410V,engine,USDM,2009,WRX,MT,valid,USDM/WRX/AZ1G410V-2009-USDM-Subaru-Impreza-WRX-MT.hex
AZ1G500F,engine,JDM,2009,STI,,,JDM/STI/AZ1G500F-2009-JDM-Subaru-Impreza-STI.hex
AZ1G500Z,engine,JDM,2010,STI,,,JDM/STI/AZ1G500Z-2010-JDM-Subaru-Impreza-STI-R205.hex
AZ1G501K,engine,JDM,2009,STI,,,JDM/STI/AZ1G501K-2009-JDM-Subaru-Impreza-STI-SpecC.hex
AZ1G502L,engine,JDM,2009,STI,AT,,JDM/STI/AZ1G502L-2009-JDM-Subaru-Impreza-STI-AT.hex
AZ1G601R,engine,USDM,2010,Forester,AT,,USDM/Forester/AZ1G601R-2010-USDM-Subaru-Forester-XT-AT.hex
AZ1G700K,engine,EDM,2012,STI,,,EDM/STI/AZ1G700K-2012-EDM-Subaru-Impreza-STI.hex
AZ1G701I,engine,USDM,2010,STI,,,USDM/STI/AZ1G701I-2010-USDM-Subaru-Impreza-STI.hex
AZ1G701V,engine,USDM,2010,WRX,MT,,USDM/WRX/AZ1G701V-2010-USDM-Subaru-Impreza-WRX-MT.hex
AZ1G702I,engine,USDM,2010,STI,,,USDM/STI/AZ1G702I-2010-USDM-Subaru-Impreza-STi-SE.hex
AZ1G710V,engine,USDM,2010,WRX,MT,valid,USDM/WRX/AZ1G710V-2010-USDM-Subaru-Impreza-WRX-MT.hex
AZ1G800D,engine,SADM,2011,WRX,MT,,ADM/WRX/AZ1G800D-2011-SADM-Subaru-Impreza-WRX-MT.hex
AZ1G800F,engine,JDM,2011,STI,AT,,JDM/STI/AZ1G800F-2011-JDM-Subaru-Impreza-STI-AT.hex
AZ1G800L,engine,SADM,2011,STI,MT,,ADM/STI/AZ1G800L-2011-SADM-Subaru-Impreza-STI-MT.hex
AZ1G800S,engine,JDM,2012,STI,MT,,JDM/STI/AZ1G800S-2012-JDM-Subaru-Impreza-STI-MT.hex
AZ1G800T,engine,JDM,2011,WRX,MT,,JDM/WRX/AZ1G800T-2011-JDM-Subaru-Impreza-WRX-spec.C-MT.hex
AZ1G800V,engine,JDM,2012,STI,,,JDM/STI/AZ1G800V-2012-JDM-Subaru-Impreza-STI-S206.hex
AZ1G900C,engine,ADM,2011,WRX,MT,,ADM/WRX/AZ1G900C-2011-ADM-Subaru-Impreza-WRX-MT.hex
AZ1G900O,engine,EDM,2011,Forester,AT,,EDM/Forester/AZ1G900O-2011-EDM-Subaru-Forester-XT-AT.hex
AZ1G900P,engine,EDM,2011,Forester,AT,,EDM/Forester/AZ1G900P-2011-EDM-Subaru-Forester-XT-AT.hex
AZ1H102W,engine,JDM,2008,Exiga,AT,,JDM/Exiga/AZ1H102W-2008-JDM-Subaru-Exiga-2.0GT-AT.hex
AZ1J200N,engine,JDM,2010,Forester,MT,,JDM/Forester/AZ1J200N-2010-JDM-Subaru-Forester-XT-MT.hex
AZ1J400H,engine,EDM,2011,STI,AT,,EDM/STI/AZ1J400H-2011-EDM-Subaru-Impreza-STI-AT.hex
AZ1J500G,engine,EDM,2011,STI,,,EDM/STI/AZ1J500G-2011-EDM-Subaru-Impreza-STI.hex
AZ1J500J,engine,JDM,2011,STI,,,JDM/STI/AZ1J500J-2011-JDM-Subaru-Impreza-STI.hex
AZ1J500L,engine,JDM,2011,Forester,MT,,JDM/Forester/AZ1J500L-2011-JDM-Subaru-Forester-XT-MT.hex
AZ1J500T,engine,SADM,2011,Forester,AT,,ADM/Forester/AZ1J500T-2011-SADM-Subaru-Forester-S.Edition-AT.hex
AZ1J500V,engine,ADM,2011,Forester,AT,,ADM/Forester/AZ1J500V-2011-ADM-Subaru-Forester-S-Edition-AT.hex
AZ1J500X,engine,JDM,2010,Impreza,MT,,JDM/Impreza/AZ1J500X-2010-JDM-Subaru-Impreza-Exiga-MT.hex
AZ1K000T,engine,JDM,2012,STI,,,JDM/STI/AZ1K000T-2012-JDM-Subaru-Impreza-STI-SpecC.hex
AZ1L100C,engine,ADM,2014,WRX,MT,,ADM/WRX/AZ1L100C-2014-ADM-Subaru-Impreza-WRX-MT.hex
AZ1L100G,engine,EDM,2013,STI,MT,,EDM/STI/AZ1L100G-2013-EDM-Subaru-Impreza-STI-MT.hex
AZ1L100K,engine,EDM,2014,STI,MT,,EDM/STI/AZ1L100K-2014-EDM-Subaru-Impreza-STI-MT.hex
AZ1L100T,engine,JDM,2014,STI,MT,,JDM/STI/AZ1L100T-2014-JDM-Subaru-Impreza-STI-MT.hex
AZ1L100X,engine,JDM,2013,Exiga,AT,,JDM/Exiga/AZ1L100X-2013-JDM-Subaru-Exiga-2.0-GT-AT.hex
AZ1N100G,engine,EDM,2014,STI,,,EDM/STI/AZ1N100G-2014-EDM-Subaru-Impreza-STI.hex
AZ1N100M,engine,EDM,2014,STI,,,EDM/STI/AZ1N100M-2014-EDM-Subaru-Impreza-STI.hex
AZ1N100S,engine,JDM,2015,STI,MT,,JDM/STI/AZ1N100S-2015-JDM-Subaru-Impreza-STI-MT.hex
AZ1P000G,engine,EDM,2016,STI,,,EDM/STI/AZ1P000G-2016-EDM-Subaru-Impreza-STI.hex
AZ1P000L,engine,SADM,2015,STI,MT,,ADM/STI/AZ1P000L-2015-SADM-Subaru-Impreza-STI-MT.hex
AZ1P000M,engine,SADM,2015,STI,MT,,ADM/STI/AZ1P000M-2015-SADM-Subaru-Impreza-STI-MT.hex
AZ1P100S,engine,JDM,2016,STI,,,JDM/STI/AZ1P100S-2016-JDM-Subaru-Impreza-STI.hex
AZ1P100T,engine,JDM,2016,STI,,,JDM/STI/AZ1P100T-2016-JDM-Subaru-Impreza-STI-S207.hex
D0XJ001P,engine,USDM,2006,Outback,AT,,USDM/Outback/D0XJ001P-2006-USDM-Subaru-Outback-3.0R-AT.hex
D0XJ001Q,engine,JDM,2005,Outback,AT,,JDM/Outback/D0XJ001Q-2005-JDM-Subaru-Outback-3.0R-AT.hex
D0XJ001R,engine,EDM,2006,,,,EDM/Legacy/D0XJ001R-2006-EDM-Legacy-3.0R.hex
D0XJ001T,engine,ADM,2006,Liberty,AT,,ADM/Legacy/D0XJ001T-2006-ADM-Subaru-Liberty-3.0R-AT.hex
D0XJ002B,engine,USDM,2006,Tribeca,AT,,USDM/Tribeca/D0XJ002B-2006-USDM-Subaru-Tribeca-3.0R-AT.hex
D0XJ002S,engine,EDM,2006,Outback,AT,,EDM/Outback/D0XJ002S-2006-EDM-Subaru-Outback-3.0R-AT.hex
D0XJ007B,engine,USDM,2006,Tribeca,AT,valid,USDM/Tribeca/D0XJ007B-2006-USDM-Subaru-Tribeca-3.0R-AT.hex
D2PH410Q,engine,JDM,2007,Legacy,AT,,JDM/Legacy/D2PH410Q-2007-JDM-Subaru-Legacy-3.0R-AT.hex
D2SB001Q,engine,JDM,2008,Legacy,AT,,JDM/Legacy/D2SB001Q-2008-JDM-Subaru-Legacy-3.0R-AT.hex
D2TB101P,engine,USDM,2008,Legacy,AT,,USDM/Legacy/D2TB101P-2008-USDM-Subaru-Legacy-3.0R-AT.hex
D2TB201R,engine,EDM,2008,,,,EDM/Legacy/D2TB201R-2008-EDM-Legacy-3.0R.hex
D2UG102D,engine,EDM,2006,Legacy,AT,,EDM/Legacy/D2UG102D-2006-EDM-Subaru-Legacy-3.0R-RHD-AT.hex
D2UH001M,engine,ADM,2007,,,,ADM/Legacy/D2UH001M-2007-ADM-Liberty-3.0R.hex
D2UH003R,engine,EDM,2007,Legacy,AT,,EDM/Legacy/D2UH003R-2007-EDM-Subaru-Legacy-3.0R-AT.hex
D2UJ001T,engine,ADM,2008,Liberty,AT,,ADM/Legacy/D2UJ001T-2008-ADM-Subaru-Liberty-3.0R-AT.hex
D2UJ003R,engine,EDM,2007,Legacy,AT,,EDM/Legacy/D2UJ003R-2007-EDM-Subaru-Legacy-3.0R-AT.hex
D2UK001Q,engine,JDM,2007,Legacy,AT,,JDM/Legacy/D2UK001Q-2007-JDM-Subaru-Legacy-3.0R-AT.hex
D2WD200A,engine,JDM,2004,,,,JDM/Legacy/D2WD200A-2004-JDM-Legacy-3.0R.hex
D2WD603H,engine,ADM,2005,Liberty,MT,,ADM/Legacy/D2WD603H-2005-ADM-Subaru-Liberty-3.0R-MT.hex
D2WD606A,engine,JDM,2005,Outback,MT,,JDM/Outback/D2WD606A-2005-JDM-Subaru-Outback-3.0R-MT.hex
D2WD610A,engine,JDM,2005,Legacy,MT,,JDM/Legacy/D2WD610A-2005-JDM-Subaru-Legacy-3.0R-MT.hex
D2WD610H,engine,ADM,2004,Liberty,MT,,ADM/Legacy/D2WD610H-2004-ADM-Subaru-Liberty-3.0R-MT.hex
D2WD612A,engine,JDM,2005,Legacy,MT,,JDM/Legacy/D2WD612A-2005-JDM-Subaru-Legacy-3.0R-MT.hex
D2WD701C,engine,EDM,2005,,MT,,EDM/Legacy/D2WD701C-2005-EDM-Legacy-3.0R-MT.hex
D2ZR003A,engine,JDM,2003,Legacy,AT,,JDM/Legacy/D2ZR003A-2003-JDM-Subaru-Legacy-3.0R-AT.hex
D2ZS002C,engine,EDM,2004,Legacy,AT,,EDM/Legacy/D2ZS002C-2004-EDM-Subaru-Legacy-3.0R-AT.hex
D2ZS002D,engine,ADM,2004,Outback,AT,,ADM/Outback/D2ZS002D-2004-ADM-Subaru-Outback-3.0R-AT.hex
D2ZU002A,engine,JDM,2004,Legacy,AT,,JDM/Legacy/D2ZU002A-2004-JDM-Subaru-Legacy-3.0R-AT.hex
D2ZU200A,engine,JDM,2004,Legacy,AT,,JDM/Legacy/D2ZU200A-2004-JDM-Subaru-Legacy-3.0R-AT.hex
D2ZX004B,engine,USDM,2005,Outback,AT,,USDM/Outback/D2ZX004B-2005-USDM-Subaru-Outback-3.0R-AT.hex
D2ZX110B,engine,USDM,2005,Outback,AT,,USDM/Outback/D2ZX110B-2005-USDM-Subaru-Outback-3.0R-AT.hex
D2ZY110H,engine,ADM,2005,Liberty,AT,,ADM/Legacy/D2ZY110H-2005-ADM-Subaru-Liberty-3.0R-AT.hex
D2ZZ001E,engine,EDM,2005,Legacy,AT,,EDM/Legacy/D2ZZ001E-2005-EDM-Subaru-Legacy-3.0R-AT.hex
D6JM000B,engine,USDM,2001,Outback,AT,,USDM/Outback/D6JM000B-2001-USDM-Subaru-Outback-3.0R-VDC-AT.hex
DB4GH00D,engine,USDM,2015,Outback,CVT,valid,USDM/Outback/DB4GH00D-2015-USDM-Subaru-Outback-3.6R-CVT.hex
DB4I350D,engine,USDM,2016,Outback,CVT,valid,USDM/Outback/DB4I350D-2016-USDM-Subaru-Outback-3.6R-CVT.hex
DB4I550D,engine,USDM,2017,Outback,CVT,valid,USDM/Outback/DB4I550D-2017-USDM-Subaru-Outback-3.6R-CVT.hex
DB4T700D,engine,USDM,2018,Outback,CVT,valid,USDM/Outback/DB4T700D-2018-USDM-Subaru-Outback-3.6R-CVT.hex
DB4V900D,engine,USDM,2019,Outback,CVT,valid,USDM/Outback/DB4V900D-2019-USDM-Subaru-Outback-3.6R-CVT.hex
DE5F201B,engine,USDM,2010,Legacy,AT,valid,USDM/Legacy/DE5F201B-2010-USDM-Subaru-Legacy-3.6R-AT.hex
DE5F201G,engine,USDM,2010,Legacy,AT,valid,USDM/Legacy/DE5F201G-2010-USDM-Subaru-Legacy-3.6R-AT.hex
DE5F300F,engine,JDM,2009,Legacy,AT,,JDM/Legacy/DE5F300F-2009-JDM-Subaru-Legacy-3.6R-AT.hex
DE5F301H,engine,EDM,2011,Outback,AT,,EDM/Outback/DE5F301H-2011-EDM-Subaru-Outback-3.6-AT.hex
DE5F810B,engine,USDM,2011,Legacy,AT,valid,USDM/Legacy/DE5F810B-2011-USDM-Subaru-Legacy-3.6R-AT.hex
DE5F810G,engine,USDM,2011,Legacy,AT,valid,USDM/Legacy/DE5F810G-2011-USDM-Subaru-Legacy-3.6R-AT.hex
DE5F810K,engine,USDM,2011,Tribeca,AT,,USDM/Tribeca/DE5F810K-2011-USDM-Subaru-Tribeca-3.6L-AT.hex
DE5I500M,engine,EDM,2012,Tribeca,AT,,EDM/Tribeca/DE5I500M-2012-EDM-Subaru-Tribeca-3.6R-AT.hex
DE5IB40B,engine,USDM,2011,Legacy,AT,valid,USDM/Legacy/DE5IB40B-2011-USDM-Subaru-Legacy-3.6R-AT.hex
DE5IB40G,engine,USDM,2011,Legacy,AT,valid,USDM/Legacy/DE5IB40G-2011-USDM-Subaru-Legacy-3.6R-AT.hex
DE5IB40K,engine,USDM,2011,Tribeca,AT,valid,USDM/Tribeca/DE5IB40K-2011-USDM-Subaru-Tribeca-3.6R-AT.hex
DE5K411K,engine,USDM,2012,Tribeca,AT,,USDM/Tribeca/DE5K411K-2012-USDM-Subaru-Tribeca-3.6-AT.hex
DE5K800B,engine,USDM,2012,Legacy,AT,valid,USDM/Legacy/DE5K800B-2012-USDM-Subaru-Legacy-3.6R-AT.hex
DE5K800G,engine,USDM,2012,Legacy,AT,valid,USDM/Legacy/DE5K800G-2012-USDM-Subaru-Legacy-3.6R-AT.hex
DE5K800K,engine,USDM,2012,Tribeca,AT,valid,USDM/Tribeca/DE5K800K-2012-USDM-Subaru-Tribeca-3.6R-AT.hex
DE5L510K,engine,USDM,2013,Tribeca,AT,,USDM/Tribeca/DE5L510K-2013-USDM-Subaru-Tribeca-3.0R-AT.hex
DE5M301B,engine,USDM,2013,Legacy,AT,valid,USDM/Legacy/DE5M301B-2013-USDM-Subaru-Legacy-3.6R-AT.hex
DE5M301C,engine,USDM,2013,Legacy,AT,valid,USDM/Legacy/DE5M301C-2013-USDM-Subaru-Legacy-3.6R-AT.hex
DE5M301G,engine,USDM,2013,Legacy,AT,valid,USDM/Legacy/DE5M301G-2013-USDM-Subaru-Legacy-3.6R-AT.hex
DE5M301H,engine,USDM,2013,Legacy,AT,valid,USDM/Legacy/DE5M301H-2013-USDM-Subaru-Legacy-3.6R-AT.hex
DE5Q100C,engine,USDM,2014,Legacy,AT,,USDM/Legacy/DE5Q100C-2014-USDM-Subaru-Legacy-3.6R-AT.hex
DZ1E103B,engine,USDM,2008,Tribeca,AT,,USDM/Tribeca/DZ1E103B-2008-USDM-Subaru-Tribeca-3.6R-AT.hex
DZ1E401B,engine,USDM,2008,Tribeca,AT,valid,USDM/Tribeca/DZ1E401B-2008-USDM-Subaru-Tribeca-3.6R-AT.hex
DZ1E402B,engine,USDM,2009,Tribeca,AT,,USDM/Tribeca/DZ1E402B-2009-USDM-Subaru-Tribeca-3.6L-AT.hex
DZ1G001F,engine,EDM,2009,Tribeca,AT,,EDM/Tribeca/DZ1G001F-2009-EDM-Subaru-Tribeca-B9-AT.hex
E2SB001K,engine,JDM,2008,Legacy,AT,,JDM/Legacy/E2SB001K-2008-JDM-Subaru-Legacy-2.5i-AT.hex
E2SB002L,engine,JDM,2008,Outback,MT,,JDM/Outback/E2SB002L-2008-JDM-Subaru-Outback-2.5i-MT.hex
E2TB011I,engine,USDM,2008,Forester,AT,,USDM/Forester/E2TB011I-2008-USDM-Subaru-Forester-2.5-AT.hex
E2TB101L,engine,EDM,2008,Legacy,AT,,EDM/Legacy/E2TB101L-2008-EDM-Subaru-Legacy-2.5i-AT.hex
E2TB102M,engine,ADM,2008,,,,ADM/Legacy/E2TB102M-2008-ADM-Liberty-2.5i.hex
E2TD001I,engine,CDM,2008,Forester,AT,valid,CDM/Forester/E2TD001I-2008-CDM-Subaru-Forester-2.5i-AT.hex
E2TD002I,engine,CDM,2008,Forester,MT,valid,CDM/Forester/E2TD002I-2008-CDM-Subaru-Forester-2.5i-MT.hex
E2UD001E,engine,JDM,2007,,,,JDM/Legacy/E2UD001E-2007-JDM-Legacy-2.0-sohc-B-sport-Auto.hex
E2UE101B,engine,USDM,2007,Legacy,AT,,USDM/Legacy/E2UE101B-2007-USDM-Subaru-Legacy-2.5i-AT.hex
E2UE101J,engine,ADM,2006,Forester,AT,,ADM/Forester/E2UE101J-2006-07-ADM-Subaru-Forester-2.5-AT.hex
E2UE102B,engine,USDM,2007,Outback,MT,,USDM/Outback/E2UE102B-2007-USDM-Subaru-Outback-2.5i-MT.hex
E2UE102G,engine,ADM,2006,Legacy,MT,,ADM/Legacy/E2UE102G-2006-07-ADM-Subaru-Legacy-2.5i-AT-MT.hex
E2UE102J,engine,ADM,2006,Forester,MT,,ADM/Forester/E2UE102J-2006-07-ADM-Subaru-Forester-2.5-MT.hex
E2UE102L,engine,USDM,2007,Impreza,,,USDM/Impreza/E2UE102L-2007-USDM-Subaru-Impreza-2.5i.hex
E2UE202L,engine,USDM,2006,Impreza,,,USDM/Impreza/E2UE202L-2006-USDM-Subaru-Impreza-2.5i.hex
E2UG001A,engine,USDM,2007,Legacy,AT,valid,USDM/Legacy/E2UG001A-2007-USDM-Subaru-Legacy-2.5i-AT.hex
E2UG001B,engine,USDM,2007,Legacy,AT,valid,USDM/Legacy/E2UG001B-2007-USDM-Subaru-Legacy-2.5i-AT.hex
E2UG001H,engine,USDM,2007,Forester,AT,valid,USDM/Forester/E2UG001H-2007-USDM-Subaru-Forester-2.5i-AT.hex
E2UG001I,engine,USDM,2007,Forester,AT,valid,USDM/Forester/E2UG001I-2007-USDM-Subaru-Forester-2.5i-AT.hex
E2UG001L,engine,USDM,2007,Impreza,AT,valid,USDM/Impreza/E2UG001L-2007-USDM-Subaru-Impreza-2.5i-AT.hex
E2UG002A,engine,USDM,2007,Legacy,MT,valid,USDM/Legacy/E2UG002A-2007-USDM-Subaru-Legacy-2.5i-MT.hex
E2UG002B,engine,USDM,2007,Legacy,MT,valid,USDM/Legacy/E2UG002B-2007-USDM-Subaru-Legacy-2.5i-MT.hex
E2UG002H,engine,USDM,2007,Forester,MT,valid,USDM/Forester/E2UG002H-2007-USDM-Subaru-Forester-2.5i-MT.hex
E2UG002I,engine,USDM,2007,Forester,MT,valid,USDM/Forester/E2UG002I-2007-USDM-Subaru-Forester-2.5i-MT.hex
E2UG002L,engine,USDM,2007,Impreza,MT,valid,USDM/Impreza/E2UG002L-2007-USDM-Subaru-Impreza-2.5i-MT.hex
E2VG204B,engine,USDM,2006,Legacy,MT,,USDM/Legacy/E2VG204B-2006-USDM-Subaru-Legacy-2.5i-MT-AT.hex
E2VG211D,engine,USDM,2006,Forester,MT,,USDM/Forester/E2VG211D-2006-USDM-Subaru-Forester-2.5-MT-AT.hex
E2VG211E,engine,ADM,2006,Forester,MT,,ADM/Forester/E2VG211E-2006-ADM-Subaru-Forester-2.5-MT-AT.hex
E2VG212D,engine,USDM,2006,Forester,MT,,USDM/Forester/E2VG212D-2006-USDM-Subaru-Forester-2.5i-MT-AT.hex
E2VG212E,engine,ADM,2006,,,,ADM/Forester/E2VG212E-2006-ADM-Forester-2.5.hex
E2VG221B,engine,USDM,2006,Legacy,MT,,USDM/Legacy/E2VG221B-2006-USDM-Subaru-Legacy-2.5i-MT-AT.hex
E2VG221D,engine,USDM,2007,Forester,MT,,USDM/Forester/E2VG221D-2007-USDM-Subaru-Forester-2.5-MT-AT.hex
E2VG222B,engine,USDM,2006,,,,USDM/Outback/E2VG222B-2006-USDM-Outback-2.5i.hex
E2VH101C,engine,USDM,2006,Impreza,MT,,USDM/Impreza/E2VH101C-2006-USDM-Subaru-Impreza-2.5i-MT-AT.hex
E2VH102C,engine,USDM,2006,Impreza,,,USDM/Impreza/E2VH102C-2006-USDM-Subaru-Impreza-2.5i.hex
E2VH111C,engine,USDM,2006,Impreza,MT,,USDM/Impreza/E2VH111C-2006-USDM-Subaru-Impreza-2.5i-MT-AT.hex
E2VH112C,engine,USDM,2006,Impreza,MT,,USDM/Impreza/E2VH112C-2006-USDM-Subaru-Impreza-2.5i-MT-AT.hex
E2VH202C,engine,USDM,2006,Impreza,MT,,USDM/Impreza/E2VH202C-2006-USDM-Subaru-Impreza-2.5i-MT-AT.hex
E2VL001A,engine,USDM,2006,Legacy,AT,valid,USDM/Legacy/E2VL001A-2006-USDM-Subaru-Legacy-2.5i-AT.hex
E2VL001B,engine,USDM,2006,Legacy,AT,valid,USDM/Legacy/E2VL001B-2006-USDM-Subaru-Legacy-2.5i-AT.hex
E2VL001C,engine,USDM,2006,Impreza,AT,valid,USDM/Impreza/E2VL001C-2006-USDM-Subaru-Impreza-2.5i-AT.hex
E2VL001D,engine,USDM,2006,Forester,AT,valid,USDM/Forester/E2VL001D-2006-USDM-Subaru-Forester-2.5i-AT.hex
E2VL002A,engine,USDM,2006,Legacy,MT,valid,USDM/Legacy/E2VL002A-2006-USDM-Subaru-Legacy-2.5i-MT.hex
E2VL002B,engine,USDM,2006,Legacy,MT,valid,USDM/Legacy/E2VL002B-2006-USDM-Subaru-Legacy-2.5i-MT.hex
E2VL002D,engine,USDM,2006,Forester,MT,valid,USDM/Forester/E2VL002D-2006-USDM-Subaru-Forester-2.5i-MT.hex
E2WD200C,engine,EDM,2005,Outback,MT,,EDM/Outback/E2WD200C-2005-EDM-Subaru-Outback-2.5i-MT-AT.hex
E2WD201C,engine,EDM,2005,Legacy,MT,,EDM/Legacy/E2WD201C-2005-EDM-Subaru-Legacy-2.5i-MT-AT.hex
E2WD500D,engine,JDM,2005,,,,JDM/Outback/E2WD500D-2005-JDM-Outback-2.5i.hex
E2ZD308E,engine,JDM,2004,,,,JDM/Legacy/E2ZD308E-2004-JDM-Legacy-2.0.hex
E2ZD508C,engine,EDM,2004,,,,EDM/Outback/E2ZD508C-2004-EDM-Outback-2.5i.hex
E2ZI103A,engine,USDM,2005,Outback,MT,,USDM/Outback/E2ZI103A-2005-USDM-Subaru-Outback-2.5i-MT.hex
E2ZJ101B,engine,USDM,2005,Legacy,MT,,USDM/Legacy/E2ZJ101B-2005-USDM-Subaru-Legacy-2.5i-MT-AT.hex
E2ZJ101G,engine,USDM,2005,Impreza,,,USDM/Impreza/E2ZJ101G-2005-USDM-Subaru-Impreza-2.5RS.hex
E2ZJ101H,engine,USDM,2005,Forester,MT,,USDM/Forester/E2ZJ101H-2005-USDM-Subaru-Forester-XS-MT-AT.hex
E2ZJ103G,engine,USDM,2005,Impreza,MT,,USDM/Impreza/E2ZJ103G-2005-USDM-Subaru-Impreza-2.5RS-MT-AT.hex
E2ZJ111G,engine,USDM,2005,Impreza,MT,,USDM/Impreza/E2ZJ111G-2005-USDM-Subaru-Impreza-2.5RS-MT-AT.hex
E2ZJ112B,engine,USDM,2005,Outback,MT,,USDM/Outback/E2ZJ112B-2005-USDM-Subaru-Outback-2.5i-MT-AT.hex
E2ZJ113G,engine,USDM,2005,Impreza,MT,,USDM/Impreza/E2ZJ113G-2005-USDM-Subaru-Impreza-2.5RS-MT-AT.hex
E2ZJ121H,engine,USDM,2005,Forester,MT,,USDM/Forester/E2ZJ121H-2005-USDM-Subaru-Forester-2.5-MT-AT.hex
E2ZJ123G,engine,USDM,2005,Impreza,MT,,USDM/Impreza/E2ZJ123G-2005-USDM-Subaru-Impreza-2.5RS-MT-AT.hex
E2ZJ131G,engine,USDM,2005,Impreza,AT,valid,USDM/Impreza/E2ZJ131G-2005-USDM-Subaru-Impreza-2.5i-AT.hex
E2ZJ131H,engine,USDM,2005,Forester,AT,valid,USDM/Forester/E2ZJ131H-2005-USDM-Subaru-Forester-2.5i-AT.hex
E2ZJ133G,engine,USDM,2005,Impreza,MT,valid,USDM/Impreza/E2ZJ133G-2005-USDM-Subaru-Impreza-2.5i-MT.hex
E2ZJ133H,engine,USDM,2005,Forester,MT,valid,USDM/Forester/E2ZJ133H-2005-USDM-Subaru-Forester-2.5i-MT.hex
E2ZJ141B,engine,USDM,2005,Legacy,AT,valid,USDM/Legacy/E2ZJ141B-2005-USDM-Subaru-Legacy-2.5i-AT.hex
E2ZJ142B,engine,USDM,2005,Legacy,AT,valid,USDM/Legacy/E2ZJ142B-2005-USDM-Subaru-Legacy-2.5i-AT.hex
E2ZJ143B,engine,USDM,2005,Legacy,MT,valid,USDM/Legacy/E2ZJ143B-2005-USDM-Subaru-Legacy-2.5i-MT.hex
E2ZJ173A,engine,USDM,2005,Legacy,MT,valid,USDM/Legacy/E2ZJ173A-2005-USDM-Subaru-Legacy-2.5i-MT.hex
E2ZJ173B,engine,USDM,2005,Legacy,MT,valid,USDM/Legacy/E2ZJ173B-2005-USDM-Subaru-Legacy-2.5i-MT.hex
E2ZK001A,engine,USDM,2005,Legacy,AT,valid,USDM/Legacy/E2ZK001A-2005-USDM-Subaru-Legacy-2.5i-AT.hex
E2ZK002A,engine,USDM,2005,Legacy,AT,valid,USDM/Legacy/E2ZK002A-2005-USDM-Subaru-Legacy-2.5i-AT.hex
E2ZK003A,engine,USDM,2005,Legacy,MT,valid,USDM/Legacy/E2ZK003A-2005-USDM-Subaru-Legacy-2.5i-MT.hex
E6PF101A,engine,USDM,2004,Legacy,AT,valid,USDM/Legacy/E6PF101A-2004-USDM-Subaru-Legacy-2.5i-AT.hex
E6PF102A,engine,USDM,2004,Legacy,AT,valid,USDM/Legacy/E6PF102A-2004-USDM-Subaru-Legacy-2.5i-AT.hex
E6PF103A,engine,USDM,2004,Legacy,MT,valid,USDM/Legacy/E6PF103A-2004-USDM-Subaru-Legacy-2.5i-MT.hex
EA1M511A,engine,USDM,2014,Forester,MT,valid,USDM/Forester/EA1M511A-2014-USDM-Subaru-Forester-2.5i-MT.hex
EA1M511B,engine,USDM,2014,Forester,CVT,valid,USDM/Forester/EA1M511B-2014-USDM-Subaru-Forester-2.5i-CVT.hex
EA1M511C,engine,USDM,2014,Forester,MT,valid,USDM/Forester/EA1M511C-2014-USDM-Subaru-Forester-2.5i-MT.hex
EA1M511D,engine,USDM,2014,Forester,CVT,valid,USDM/Forester/EA1M511D-2014-USDM-Subaru-Forester-2.5i-CVT.hex
EA1M811A,engine,USDM,2015,Forester,MT,valid,USDM/Forester/EA1M811A-2015-USDM-Subaru-Forester-2.5i-MT.hex
EA1M811B,engine,USDM,2015,Forester,CVT,valid,USDM/Forester/EA1M811B-2015-USDM-Subaru-Forester-2.5i-CVT.hex
EA1M811C,engine,USDM,2015,Forester,MT,valid,USDM/Forester/EA1M811C-2015-USDM-Subaru-Forester-2.5i-MT.hex
EA1M811D,engine,USDM,2015,Forester,CVT,valid,USDM/Forester/EA1M811D-2015-USDM-Subaru-Forester-2.5i-CVT.hex
EA1P300c,engine,USDM,2013,Legacy,MT,valid,USDM/Legacy/EA1P300c-2013-14-USDM-Subaru-Legacy-2.5i-MT.hex
EA1P300d,engine,USDM,2013,Legacy,CVT,valid,USDM/Legacy/EA1P300d-2013-14-USDM-Subaru-Legacy-2.5i-CVT.hex
EA1P300e,engine,USDM,2013,Legacy,MT,valid,USDM/Legacy/EA1P300e-2013-14-USDM-Subaru-Legacy-2.5i-MT.hex
EA1P300f,engine,USDM,2013,Legacy,CVT,valid,USDM/Legacy/EA1P300f-2013-14-USDM-Subaru-Legacy-2.5i-CVT.hex
EA1T500U,engine,USDM,2016,Forester,MT,valid,USDM/Forester/EA1T500U-2016-USDM-Subaru-Forester-2.5i-MT.hex
EA1T500V,engine,USDM,2016,Forester,CVT,valid,USDM/Forester/EA1T500V-2016-USDM-Subaru-Forester-2.5i-CVT.hex
EA1T500W,engine,USDM,2016,Forester,MT,valid,USDM/Forester/EA1T500W-2016-USDM-Subaru-Forester-2.5i-MT.hex
EA1T500X,engine,USDM,2016,Forester,CVT,valid,USDM/Forester/EA1T500X-2016-USDM-Subaru-Forester-2.5i-CVT.hex
EA1T600A,engine,USDM,2015,Impreza,CVT,valid,USDM/Impreza/EA1T600A-2015-USDM-Subaru-Impreza-2.0i-CVT.hex
EA1T600B,engine,USDM,2015,XV,CVT,valid,USDM/XV/EA1T600B-2015-USDM-Subaru-XV-2.0i-CVT.hex
EA1T600C,engine,USDM,2015,Impreza,MT,valid,USDM/Impreza/EA1T600C-2015-USDM-Subaru-Impreza-2.0i-MT.hex
EA1T600D,engine,USDM,2015,XV,MT,valid,USDM/XV/EA1T600D-2015-USDM-Subaru-XV-2.0i-MT.hex
EA1U300A,engine,USDM,2016,Impreza,CVT,valid,USDM/Impreza/EA1U300A-2016-USDM-Subaru-Impreza-2.0i-CVT.hex
EA1U300B,engine,USDM,2016,Crosstrek,CVT,valid,USDM/Crosstrek/EA1U300B-2016-USDM-Subaru-Crosstrek-2.0i-CVT.hex
EA1U300C,engine,USDM,2016,Impreza,MT,valid,USDM/Impreza/EA1U300C-2016-USDM-Subaru-Impreza-2.0i-MT.hex
EA1U300D,engine,USDM,2016,Crosstrek,MT,valid,USDM/Crosstrek/EA1U300D-2016-USDM-Subaru-Crosstrek-2.0i-MT.hex
EA1Y200B,engine,USDM,2017,Crosstrek,CVT,valid,USDM/Crosstrek/EA1Y200B-2017-USDM-Subaru-Crosstrek-2.0i-CVT.hex
EA1Y200D,engine,USDM,2017,Crosstrek,MT,valid,USDM/Crosstrek/EA1Y200D-2017-USDM-Subaru-Crosstrek-2.0i-MT.hex
EB4G600B,engine,USDM,2015,Outback,CVT,,USDM/Outback/EB4G600B-2015-USDM-Subaru-Outback-2.5i-CVT.hex
EB4GH00A,engine,CDM,2015,Legacy,MT,valid,CDM/Legacy/EB4GH00A-2015-CDM-Subaru-Legacy-2.5i-MT.hex
EB4GH00B,engine,USDM,2015,Outback,CVT,valid,USDM/Outback/EB4GH00B-2015-USDM-Subaru-Outback-2.5i-CVT.hex
EB4GH00C,engine,USDM,2015,Outback,CVT,valid,USDM/Outback/EB4GH00C-2015-USDM-Subaru-Outback-2.5i-CVT.hex
EB4I310A,engine,CDM,2016,Legacy,MT,,CDM/Legacy/EB4I310A-2016-CDM-Subaru-Legacy-2.5i-MT.hex
EB4I350A,engine,CDM,2016,Legacy,MT,valid,CDM/Legacy/EB4I350A-2016-CDM-Subaru-Legacy-2.5i-MT.hex
EB4I350B,engine,USDM,2016,Outback,CVT,valid,USDM/Outback/EB4I350B-2016-USDM-Subaru-Outback-2.5i-CVT.hex
EB4I350C,engine,USDM,2016,Outback,CVT,valid,USDM/Outback/EB4I350C-2016-USDM-Subaru-Outback-2.5i-CVT.hex
EB4I503B,engine,USDM,2017,Outback,CVT,,USDM/Outback/EB4I503B-2017-USDM-Subaru-Outback-2.5i-CVT.hex
EB4I550A,engine,CDM,2017,Legacy,MT,valid,CDM/Legacy/EB4I550A-2017-CDM-Subaru-Legacy-2.5i-MT.hex
EB4I550B,engine,USDM,2017,Outback,CVT,valid,USDM/Outback/EB4I550B-2017-USDM-Subaru-Outback-2.5i-CVT.hex
EB4I550C,engine,USDM,2017,Outback,CVT,valid,USDM/Outback/EB4I550C-2017-USDM-Subaru-Outback-2.5i-CVT.hex
EB4J320T,engine,EDM,2017,Forester,CVT,,EDM/Forester/EB4J320T-2017-EDM-Subaru-Forester-2.5i-CVT.hex
EB4J321R,engine,USDM,2017,Forester,CVT,valid,USDM/Forester/EB4J321R-2017-USDM-Subaru-Forester-2.5i-CVT.hex
EB4J340R,engine,USDM,2017,Forester,CVT,valid,USDM/Forester/EB4J340R-2017-USDM-Subaru-Forester-2.5i-CVT.hex
EB4J340S,engine,CDM,2017,Forester,CVT,valid,CDM/Forester/EB4J340S-2017-CDM-Subaru-Forester-2.5i-CVT.hex
EB4L100W,engine,USDM,2017,Forester,MT,valid,USDM/Forester/EB4L100W-2017-USDM-Subaru-Forester-2.5i-MT.hex
EB4L100X,engine,CDM,2017,Forester,MT,valid,CDM/Forester/EB4L100X-2017-CDM-Subaru-Forester-2.5i-MT.hex
EB4P020W,engine,USDM,2018,Forester,MT,valid,USDM/Forester/EB4P020W-2018-USDM-Subaru-Forester-2.5i-MT.hex
EB4S200R,engine,USDM,2018,Forester,CVT,valid,USDM/Forester/EB4S200R-2018-USDM-Subaru-Forester-2.5i-CVT.hex
EB4T700C,engine,USDM,2018,Outback,CVT,valid,USDM/Outback/EB4T700C-2018-USDM-Subaru-Outback-2.5i-CVT.hex
EB4V900C,engine,USDM,2019,Outback,CVT,valid,USDM/Outback/EB4V900C-2019-USDM-Subaru-Outback-2.5i-CVT.hex
EE5F200W,engine,USDM,2010,Legacy,MT,,USDM/Legacy/EE5F200W-2010-USDM-Subaru-Legacy-2.5i-MT.hex
EE5F300A,engine,USDM,2010,Legacy,AT,,USDM/Legacy/EE5F300A-2010-USDM-Subaru-Legacy-2.5i-AT.hex
EE5I500A,engine,EDM,2011,Outback,AT,,EDM/Outback/EE5I500A-2011-EDM-Subaru-Outback-2.5i-AT.hex
EE5I910G,engine,USDM,2011,Impreza,MT,valid,USDM/Impreza/EE5I910G-2011-USDM-Subaru-Impreza-2.5i-MT.hex
EE5I910H,engine,USDM,2011,Impreza,AT,valid,USDM/Impreza/EE5I910H-2011-USDM-Subaru-Impreza-2.5i-AT.hex
EE5I910T,engine,USDM,2011,Impreza,MT,,USDM/Impreza/EE5I910T-2011-USDM-Subaru-Impreza-2.5i-MT.hex
EE5I910U,engine,USDM,2010,Legacy,MT,valid,USDM/Legacy/EE5I910U-2010-11-USDM-Subaru-Legacy-2.5i-MT.hex
EE5I910W,engine,USDM,2010,Legacy,MT,valid,USDM/Legacy/EE5I910W-2010-11-USDM-Subaru-Legacy-2.5i-MT.hex
EE5I920T,engine,USDM,2010,Legacy,AT,,USDM/Legacy/EE5I920T-2010-USDM-Subaru-Legacy-Elite-AT.hex
EE5I921T,engine,USDM,2010,Legacy,CVT,valid,USDM/Legacy/EE5I921T-2010-11-USDM-Subaru-Legacy-2.5i-CVT.hex
EE5I921V,engine,USDM,2010,Legacy,CVT,valid,USDM/Legacy/EE5I921V-2010-11-USDM-Subaru-Legacy-2.5i-CVT.hex
EE5IA11T,engine,USDM,2011,Outback,CVT,,USDM/Outback/EE5IA11T-2011-USDM-Subaru-Outback-2.5i-CVT.hex
EE5IB20W,engine,USDM,2011,Outback,MT,,USDM/Outback/EE5IB20W-2011-USDM-Subaru-Outback-2.5i-MT.hex
EE5IB40H,engine,USDM,2011,Impreza,AT,valid,USDM/Impreza/EE5IB40H-2011-USDM-Subaru-Impreza-2.5i-AT.hex
EE5IB40V,engine,USDM,2011,Legacy,CVT,valid,USDM/Legacy/EE5IB40V-2011-USDM-Subaru-Legacy-2.5i-CVT.hex
EE5IB41T,engine,USDM,2011,Legacy,CVT,valid,USDM/Legacy/EE5IB41T-2011-USDM-Subaru-Legacy-2.5i-CVT.hex
EE5IB50G,engine,USDM,2011,Impreza,MT,valid,USDM/Impreza/EE5IB50G-2011-USDM-Subaru-Impreza-2.5i-MT.hex
EE5IB50U,engine,USDM,2011,Legacy,MT,valid,USDM/Legacy/EE5IB50U-2011-USDM-Subaru-Legacy-2.5i-MT.hex
EE5IB50W,engine,USDM,2011,Legacy,MT,valid,USDM/Legacy/EE5IB50W-2011-USDM-Subaru-Legacy-2.5i-MT.hex
EE5K000K,engine,JDM,2011,Outback,AT,,JDM/Outback/EE5K000K-2011-JDM-Subaru-Outback-2.5i-AT.hex
EE5K412T,engine,USDM,2012,Legacy,AT,,USDM/Legacy/EE5K412T-2012-USDM-Subaru-Legacy-2.5i-AT.hex
EE5K801T,engine,USDM,2012,Legacy,CVT,valid,USDM/Legacy/EE5K801T-2012-USDM-Subaru-Legacy-2.5i-CVT.hex
EE5K801V,engine,USDM,2012,Legacy,CVT,valid,USDM/Legacy/EE5K801V-2012-USDM-Subaru-Legacy-2.5i-CVT.hex
EE5K801W,engine,USDM,2012,Legacy,MT,,USDM/Legacy/EE5K801W-2012-USDM-Subaru-Legacy-2.5i-MT.hex
EE5K900U,engine,USDM,2012,Legacy,MT,valid,USDM/Legacy/EE5K900U-2012-USDM-Subaru-Legacy-2.5i-MT.hex
EE5K900W,engine,USDM,2012,Legacy,MT,valid,USDM/Legacy/EE5K900W-2012-USDM-Subaru-Legacy-2.5i-MT.hex
EM2F401E,engine,USDM,2014,XV,CVT,valid,USDM/XV/EM2F401E-2014-USDM-Subaru-XV-2.0i-CVT.hex
EM2H200E,engine,USDM,2015,XV,CVT,valid,USDM/XV/EM2H200E-2015-USDM-Subaru-XV-2.0i-CVT.hex
EM2J100E,engine,USDM,2016,Crosstrek,CVT,valid,USDM/Crosstrek/EM2J100E-2016-USDM-Subaru-Crosstrek-2.0i-CVT.hex
EP5D003Q,engine,JDM,2011,Forester,MT,,JDM/Forester/EP5D003Q-2011-JDM-Subaru-Forester-2.0-XS-MT.hex
EP5D004L,engine,EDM,2011,Forester,AT,,EDM/Forester/EP5D004L-2011-EDM-Subaru-Forester-2.0X-AT.hex
EP5D202A,engine,USDM,2011,Forester,MT,,USDM/Forester/EP5D202A-2011-USDM-Subaru-Forester-2.0X-MT.hex
EP5D202B,engine,USDM,2011,Forester,AT,,USDM/Forester/EP5D202B-2011-USDM-Subaru-Forester-2.5i-AT.hex
EP5D202N,engine,ADM,2012,Forester,MT,,ADM/Forester/EP5D202N-2012-ADM-Subaru-Forester-2.5-FB-MT.hex
EP5D700X,engine,EDM,2013,Forester,,,EDM/Forester/EP5D700X-2013-EDM-Subaru-Forester-2.0X-AT.hex.hex
EP5DA00A,engine,USDM,2011,Forester,AT,valid,USDM/Forester/EP5DA00A-2011-USDM-Subaru-Forester-2.5i-AT.hex
EP5DA00C,engine,USDM,2011,Forester,AT,valid,USDM/Forester/EP5DA00C-2011-USDM-Subaru-Forester-2.5i-AT.hex
EP5DB00B,engine,USDM,2011,Forester,AT,valid,USDM/Forester/EP5DB00B-2011-USDM-Subaru-Forester-2.5i-AT.hex
EP5DB00D,engine,USDM,2011,Forester,AT,valid,USDM/Forester/EP5DB00D-2011-USDM-Subaru-Forester-2.5i-AT.hex
EP5F300H,engine,EDM,2013,Impreza,MT,,EDM/Impreza/EP5F300H-2013-EDM-Subaru-Impreza-2.0-FB-MT.hex
EP5F300T,engine,USDM,2012,XV,CVT,,USDM/XV/EP5F300T-2012-USDM-Subaru-XV-2.5i-CVT.hex
EP5F301I,engine,EDM,2013,Impreza,CVT,,EDM/Impreza/EP5F301I-2013-EDM-Subaru-Impreza-2.0i-CVT.hex
EP5F400C,engine,EDM,2011,Forester,AT,,EDM/Forester/EP5F400C-2011-EDM-Subaru-Forester-2.0X-AT.hex
EP5G211a,engine,USDM,2012,Forester,MT,,USDM/Forester/EP5G211a-2012-USDM-Subaru-Forester-2.5-FB-MT.hex
EP5G401z,engine,EDM,2013,XVCVT,,,EDM/XV/EP5G401z-2013-EDM-Subaru-XVCVT.hex
EP5G601B,engine,USDM,2012,Impreza,CVT,,USDM/Impreza/EP5G601B-2012-USDM-Subaru-Impreza-2.0i-CVT.hex
EP5G900a,engine,USDM,2012,Forester,MT,valid,USDM/Forester/EP5G900a-2012-USDM-Subaru-Forester-2.5i-MT.hex
EP5G900c,engine,USDM,2012,Forester,MT,valid,USDM/Forester/EP5G900c-2012-USDM-Subaru-Forester-2.5i-MT.hex
EP5GC00b,engine,USDM,2012,Forester,AT,valid,USDM/Forester/EP5GC00b-2012-USDM-Subaru-Forester-2.5i-AT.hex
EP5GC00d,engine,USDM,2012,Forester,AT,valid,USDM/Forester/EP5GC00d-2012-USDM-Subaru-Forester-2.5i-AT.hex
EP5GD00A,engine,USDM,2012,Impreza,MT,valid,USDM/Impreza/EP5GD00A-2012-USDM-Subaru-Impreza-2.0i-MT.hex
EP5GD00B,engine,USDM,2012,Impreza,CVT,valid,USDM/Impreza/EP5GD00B-2012-USDM-Subaru-Impreza-2.0i-CVT.hex
EP5GD00C,engine,USDM,2012,Impreza,MT,valid,USDM/Impreza/EP5GD00C-2012-USDM-Subaru-Impreza-2.0i-MT.hex
EP5GD00D,engine,USDM,2012,Impreza,CVT,valid,USDM/Impreza/EP5GD00D-2012-USDM-Subaru-Impreza-2.0i-CVT.hex
EP5H500a,engine,USDM,2013,Forester,MT,valid,USDM/Forester/EP5H500a-2013-USDM-Subaru-Forester-2.5i-MT.hex
EP5H500b,engine,USDM,2013,Forester,AT,valid,USDM/Forester/EP5H500b-2013-USDM-Subaru-Forester-2.5i-AT.hex
EP5H500c,engine,USDM,2013,Forester,MT,valid,USDM/Forester/EP5H500c-2013-USDM-Subaru-Forester-2.5i-MT.hex
EP5H500d,engine,USDM,2013,Forester,AT,valid,USDM/Forester/EP5H500d-2013-USDM-Subaru-Forester-2.5i-AT.hex
EP5I200F,engine,USDM,2013,Impreza,MT,,USDM/Impreza/EP5I200F-2013-USDM-Subaru-Impreza-2.0i-MT.hex
EP5I201W,engine,JDM,2012,XV,CVT,,JDM/XV/EP5I201W-2012-JDM-Subaru-XV-2.5i-CVT.hex
EP5I800A,engine,USDM,2013,XV,MT,valid,USDM/XV/EP5I800A-2013-USDM-Subaru-XV-2.0i-MT.hex
EP5I800C,engine,USDM,2013,XV,MT,valid,USDM/XV/EP5I800C-2013-USDM-Subaru-XV-2.0i-MT.hex
EP5I800F,engine,USDM,2013,Impreza,MT,valid,USDM/Impreza/EP5I800F-2013-USDM-Subaru-Impreza-2.0i-MT.hex
EP5I800H,engine,USDM,2013,Impreza,MT,valid,USDM/Impreza/EP5I800H-2013-USDM-Subaru-Impreza-2.0i-MT.hex
EP5IA00B,engine,USDM,2013,XV,CVT,valid,USDM/XV/EP5IA00B-2013-USDM-Subaru-XV-2.0i-CVT.hex
EP5IA00D,engine,USDM,2013,XV,CVT,valid,USDM/XV/EP5IA00D-2013-USDM-Subaru-XV-2.0i-CVT.hex
EP5IA00G,engine,USDM,2013,Impreza,CVT,valid,USDM/Impreza/EP5IA00G-2013-USDM-Subaru-Impreza-2.0i-CVT.hex
EP5IA00I,engine,USDM,2013,Impreza,CVT,valid,USDM/Impreza/EP5IA00I-2013-USDM-Subaru-Impreza-2.0i-CVT.hex
EP5L000p,engine,EDM,2014,XV,MT,,EDM/XV/EP5L000p-2014-EDM-Subaru-XV-2.5-FB-MT.hex
EP5L300A,engine,USDM,2014,XV,MT,valid,USDM/XV/EP5L300A-2014-USDM-Subaru-XV-2.0i-MT.hex
EP5L300C,engine,USDM,2014,XV,MT,valid,USDM/XV/EP5L300C-2014-USDM-Subaru-XV-2.0i-MT.hex
EP5L300F,engine,USDM,2014,Impreza,MT,valid,USDM/Impreza/EP5L300F-2014-USDM-Subaru-Impreza-2.0i-MT.hex
EP5L300H,engine,USDM,2014,Impreza,MT,valid,USDM/Impreza/EP5L300H-2014-USDM-Subaru-Impreza-2.0i-MT.hex
EP5L301B,engine,USDM,2014,Crosstrek,CVT,valid,USDM/Crosstrek/EP5L301B-2014-USDM-Subaru-Crosstrek-2.0i-CVT.hex
EP5L301D,engine,USDM,2014,Crosstrek,CVT,valid,USDM/Crosstrek/EP5L301D-2014-USDM-Subaru-Crosstrek-2.0i-CVT.hex
EP5L301G,engine,USDM,2014,Impreza,CVT,valid,USDM/Impreza/EP5L301G-2014-USDM-Subaru-Impreza-2.0i-CVT.hex
EP5L301I,engine,USDM,2014,Impreza,CVT,valid,USDM/Impreza/EP5L301I-2014-USDM-Subaru-Impreza-2.0i-CVT.hex
EZ1D105B,engine,USDM,2008,Outback,AT,,USDM/Outback/EZ1D105B-2008-USDM-Subaru-Outback-2.5i-AT.hex
EZ1D301A,engine,USDM,2008,,,,USDM/Legacy/EZ1D301A-2008-USDM-Legacy-2.5-PZEV.hex
EZ1D302B,engine,USDM,2009,Legacy,AT,,USDM/Legacy/EZ1D302B-2009-USDM-Subaru-Legacy-2.5i-AT.hex
EZ1D303B,engine,USDM,2008,Legacy,AT,,USDM/Legacy/EZ1D303B-2008-USDM-Subaru-Legacy-2.5i-AT.hex
EZ1E102G,engine,USDM,2008,Impreza,,,USDM/Impreza/EZ1E102G-2008-USDM-Subaru-Impreza-2.5i.hex
EZ1E401G,engine,USDM,2008,Impreza,MT,,USDM/Impreza/EZ1E401G-2008-09-USDM-Subaru-Impreza-2.5i-MT.hex
EZ1E401H,engine,USDM,2008,Impreza,AT,,USDM/Impreza/EZ1E401H-2008-09-USDM-Subaru-Impreza-2.5i-AT.hex
EZ1G107M,engine,ADM,2009,Forester,MT,,ADM/Forester/EZ1G107M-2009-ADM-Subaru-Forester-2.5-MT.hex
EZ1G108K,engine,USDM,2009,Forester,AT,,USDM/Forester/EZ1G108K-2009-USDM-Subaru-Forester-2.5i-AT.hex
EZ1G108N,engine,EDM,2009,Forester,MT,,EDM/Forester/EZ1G108N-2009-EDM-Subaru-Forester-2.5i-MT.hex
EZ1G109J,engine,USDM,2009,Forester,MT,,USDM/Forester/EZ1G109J-2009-USDM-Subaru-Forester-2.5i-MT.hex
EZ1G109K,engine,USDM,2009,Forester,MT,,USDM/Forester/EZ1G109K-2009-USDM-Subaru-Forester-2.5-MT.hex
EZ1G110J,engine,USDM,2010,Forester,AT,,USDM/Forester/EZ1G110J-2010-USDM-Subaru-Forester-2.5i-AT.hex
EZ1G701H,engine,USDM,2010,Impreza,AT,,USDM/Impreza/EZ1G701H-2010-USDM-Subaru-Impreza-2.5i-AT.hex
EZ1GB00G,engine,USDM,2008,Impreza,MT,valid,USDM/Impreza/EZ1GB00G-2008-09-USDM-Subaru-Impreza-2.5i-MT.hex
EZ1GB00H,engine,USDM,2008,Impreza,AT,valid,USDM/Impreza/EZ1GB00H-2008-09-USDM-Subaru-Impreza-2.5i-AT.hex
EZ1GB00I,engine,USDM,2009,Forester,MT,valid,USDM/Forester/EZ1GB00I-2009-USDM-Subaru-Forester-2.5i-MT.hex
EZ1GB00J,engine,USDM,2009,Forester,AT,valid,USDM/Forester/EZ1GB00J-2009-USDM-Subaru-Forester-2.5i-AT.hex
EZ1GB00K,engine,USDM,2009,Forester,MT,valid,USDM/Forester/EZ1GB00K-2009-USDM-Subaru-Forester-2.5i-MT.hex
EZ1GB00L,engine,USDM,2009,Forester,AT,valid,USDM/Forester/EZ1GB00L-2009-USDM-Subaru-Forester-2.5i-AT.hex
EZ1GB10G,engine,USDM,2010,Impreza,MT,valid,USDM/Impreza/EZ1GB10G-2010-USDM-Subaru-Impreza-2.5i-MT.hex
EZ1GB10H,engine,USDM,2010,Impreza,AT,valid,USDM/Impreza/EZ1GB10H-2010-USDM-Subaru-Impreza-2.5i-AT.hex
EZ1GB10I,engine,USDM,2010,Forester,MT,valid,USDM/Forester/EZ1GB10I-2010-USDM-Subaru-Forester-2.5i-MT.hex
EZ1GB10J,engine,USDM,2010,Forester,AT,valid,USDM/Forester/EZ1GB10J-2010-USDM-Subaru-Forester-2.5i-AT.hex
EZ1GB10K,engine,USDM,2010,Forester,MT,valid,USDM/Forester/EZ1GB10K-2010-USDM-Subaru-Forester-2.5i-MT.hex
EZ1GB10L,engine,USDM,2010,Forester,AT,valid,USDM/Forester/EZ1GB10L-2010-USDM-Subaru-Forester-2.5i-AT.hex
EZ1GB20I,engine,USDM,2009,Forester,MT,valid,USDM/Forester/EZ1GB20I-2009-USDM-Subaru-Forester-2.5i-MT.hex
EZ1GB20J,engine,USDM,2009,Forester,AT,valid,USDM/Forester/EZ1GB20J-2009-USDM-Subaru-Forester-2.5i-AT.hex
EZ1GC00A,engine,USDM,2008,Legacy,MT,valid,USDM/Legacy/EZ1GC00A-2008-09-USDM-Subaru-Legacy-2.5i-MT.hex
EZ1GC00B,engine,USDM,2008,Legacy,AT,valid,USDM/Legacy/EZ1GC00B-2008-09-USDM-Subaru-Legacy-2.5i-AT.hex
EZ1GC00C,engine,USDM,2008,Legacy,MT,valid,USDM/Legacy/EZ1GC00C-2008-09-USDM-Subaru-Legacy-2.5i-MT.hex
EZ1GC00D,engine,USDM,2008,Legacy,AT,valid,USDM/Legacy/EZ1GC00D-2008-09-USDM-Subaru-Legacy-2.5i-AT.hex
EZ1GC00E,engine,USDM,2008,Forester,MT,valid,USDM/Forester/EZ1GC00E-2008-USDM-Subaru-Forester-2.5i-MT.hex
EZ1GC00F,engine,USDM,2008,Forester,AT,valid,USDM/Forester/EZ1GC00F-2008-USDM-Subaru-Forester-2.5i-AT.hex
EZ1GD00A,engine,USDM,2009,Legacy,MT,valid,USDM/Legacy/EZ1GD00A-2009-USDM-Subaru-Legacy-2.5i-MT.hex
EZ1GD00B,engine,USDM,2009,Legacy,AT,valid,USDM/Legacy/EZ1GD00B-2009-USDM-Subaru-Legacy-2.5i-AT.hex
EZ1GD00E,engine,USDM,2008,Forester,MT,valid,USDM/Forester/EZ1GD00E-2008-USDM-Subaru-Forester-2.5i-MT.hex
EZ1GD00F,engine,USDM,2008,Forester,AT,valid,USDM/Forester/EZ1GD00F-2008-USDM-Subaru-Forester-2.5i-AT.hex
JP3F522A,engine,EDM,2011,Forester,MT,,EDM/Forester/JP3F522A-2011-EDM-Subaru-Forester-2.0T-Diesel-MT.hex
JZ2F401A,engine,EDM,2009,Impreza,MT,,EDM/Impreza/JZ2F401A-2009-10-EDM-Subaru-Impreza-2.0T-Diesel-MT.hex
JZ2F411A,engine,EDM,2009,Impreza,MT,,EDM/Impreza/JZ2F411A-2009-11-EDM-Subaru-Impreza-2.0T-Diesel-MT.hex
JZ2F430A,engine,EDM,2011,Impreza,MT,,EDM/Impreza/JZ2F430A-2011-EDM-Subaru-Impreza-2.0T-Diesel-MT.hex
JZ2F441A,engine,EDM,2010,Impreza,MT,,EDM/Impreza/JZ2F441A-2010-EDM-Subaru-Impreza-2.0T-Diesel-MT.hex
LV9N100B,engine,JDM,2015,WRX,,,JDM/WRX/LV9N100B-2015-JDM-Subaru-Impreza-WRX-S4.hex
Z1G20000,engine,EDM,2008,STI,,,EDM/STI/Z1G20000-2008-09-EDM-Subaru-Impreza-STI.hex
ZA1JB01C,engine,USDM,2013,BRZ(Fr,MT,valid,USDM/BRZ(Fr-s)/ZA1JB01C-2013-14-USDM-Subaru-BRZ(Fr-s)-2.0i-MT.hex
ZA1JB01D,engine,USDM,2013,BRZ(Fr,AT,valid,USDM/BRZ(Fr-s)/ZA1JB01D-2013-14-USDM-Subaru-BRZ(Fr-s)-2.0i-AT.hex
ZA1JK00D,engine,USDM,2016,BRZ,,,USDM/BRZ/ZA1JK00D-2016-USDM-Subaru-BRZ-FA20-6AT.hex
ZA1JK01D,engine,USDM,2017,BRZ(Fr,AT,valid,USDM/BRZ(Fr-s)/ZA1JK01D-2017-USDM-Subaru-BRZ(Fr-s)-2.0i-AT.hex
ZA1JK10C,engine,USDM,2017,BRZ(Fr,MT,valid,USDM/BRZ(Fr-s)/ZA1JK10C-2017-USDM-Subaru-BRZ(Fr-s)-2.0i-MT.hex
ZA1JN11D,engine,USDM,2018,BRZ(Fr,AT,valid,USDM/BRZ(Fr-s)/ZA1JN11D-2018-USDM-Subaru-BRZ(Fr-s)-2.0i-AT.hex
ZA1JN20C,engine,USDM,2018,BRZ(Fr,MT,valid,USDM/BRZ(Fr-s)/ZA1JN20C-2018-USDM-Subaru-BRZ(Fr-s)-2.0i-MT.hex
ZA1JS01D,engine,USDM,2019,BRZ(Fr,AT,valid,USDM/BRZ(Fr-s)/ZA1JS01D-2019-USDM-Subaru-BRZ(Fr-s)-2.0i-AT.hex
ZA1JS10C,engine,USDM,2019,BRZ(Fr,MT,valid,USDM/BRZ(Fr-s)/ZA1JS10C-2019-USDM-Subaru-BRZ(Fr-s)-2.0i-MT.hex
ZA1JV01D00G,engine,USDM,2020,BRZ(Fr,AT,valid,USDM/BRZ(Fr-s)/ZA1JV01D00G-2020-USDM-Subaru-BRZ(Fr-s)-2.0i-AT.hex
02FB2WB558S_FCAN,TCM,USDM,2009,Tribeca,AT,valid,_Modules/TCM/02FB2WB558S_FCAN-2009-USDM-Subaru-Tribeca-3.6R-AT-TCM.bin
04FB2WB358S_FCAN,TCM,USDM,2013,Tribecca,AT,valid,_Modules/TCM/04FB2WB358S_FCAN-2013-USDM-Subaru-Tribecca-3.6R-AT-TCM.bin
21F36OB0,TCM,USDM,2005,Legacy,AT,CHECK(0/0),_Modules/TCM/21F36OB0-2005-USDM-Subaru-Legacy-2.5i-AT-TCM.bin
21F36WB0,TCM,USDM,2005,Legacy,AT,CHECK(0/0),_Modules/TCM/21F36WB0-2005-USDM-Subaru-Legacy-2.5i-AT-TCM.bin
25F02OB558S_FCAN,TCM,USDM,2008,Outback,AT,valid,_Modules/TCM/25F02OB558S_FCAN-2008-09-USDM-Subaru-Outback-3.0R-AT-TCM.bin
25F0AWB558S_FCAN,TCM,USDM,2008,Legacy,AT,valid,_Modules/TCM/25F0AWB558S_FCAN-2008-09-USDM-Subaru-Legacy-3.0R-AT-TCM.bin
25FE2OB558S_FCAN,TCM,USDM,2008,Outback,AT,valid,_Modules/TCM/25FE2OB558S_FCAN-2008-09-USDM-Subaru-Outback-GT-AT-TCM.bin
25FE2WB558S_FCAN,TCM,USDM,2008,Legacy,AT,valid,_Modules/TCM/25FE2WB558S_FCAN-2008-09-USDM-Subaru-Legacy-GT-AT-TCM.bin
47F37WB0,TCM,USDM,2005,Impreza,AT,CHECK(0/0),_Modules/TCM/47F37WB0-2005-USDM-Subaru-Impreza-2.5i-AT-TCM.bin
8305061_ENC__30919JB111,TCM,,,,,,_Modules/TCM/8305061_ENC__30919JB111.bin
86F37WB0,TCM,USDM,2005,Forester,AT,CHECK(0/0),_Modules/TCM/86F37WB0-2005-USDM-Subaru-Forester-2.5i-AT-TCM.bin
AD3A104A,ETC,USDM,2005,,,n/a(scheme),_Modules/ETC/AD3A104A-2005-USDM-ETC.bin
AD3A104D,ETC,USDM,2005,,,n/a(scheme),_Modules/ETC/AD3A104D-2005-USDM-ETC.bin
B5FA408100chg,TCM,USDM,2016,Crosstrek,,CHECK(0/0),_Modules/TCM/B5FA408100chg-2016-USDM-Subaru-Crosstrek-2.0i-TCM.bin
C4F5008000chg,TCM,USDM,2015,Impreza,CVT,n/a(scheme),_Modules/TCM/C4F5008000chg-2015-USDM-Subaru-Impreza-2.0i-CVT-TCM.bin
C4F5208000chg,TCM,USDM,2015,Impreza,CVT,n/a(scheme),_Modules/TCM/C4F5208000chg-2015-USDM-Subaru-Impreza-2.0i-CVT-TCM.bin
C4F5408000chg,TCM,USDM,2015,XV,CVT,n/a(scheme),_Modules/TCM/C4F5408000chg-2015-USDM-Subaru-XV-2.0i-CVT-TCM.bin
C4FA408200chg,TCM,USDM,2015,Crosstrek,,CHECK(0/0),_Modules/TCM/C4FA408200chg-2015-USDM-Subaru-Crosstrek-2.0i-TCM.bin
C7F2008100chg,TCM,USDM,2018,Legacy,CVT,n/a(scheme),_Modules/TCM/C7F2008100chg-2018-USDM-Subaru-Legacy-2.5i-CVT-TCM.bin
C7F2408100chg,TCM,USDM,2018,Outback,CVT,n/a(scheme),_Modules/TCM/C7F2408100chg-2018-USDM-Subaru-Outback-2.5i-CVT-TCM.bin
C7FBC08000chg,TCM,USDM,2018,Legacy,CVT,n/a(scheme),_Modules/TCM/C7FBC08000chg-2018-USDM-Subaru-Legacy-3.6R-CVT-TCM.bin
C7FBE08000chg,TCM,USDM,2018,Outback,CVT,n/a(scheme),_Modules/TCM/C7FBE08000chg-2018-USDM-Subaru-Outback-3.6R-CVT-TCM.bin
D6F2008000chg,TCM,USDM,2017,Legacy,,n/a(scheme),_Modules/TCM/D6F2008000chg-2017-USDM-Subaru-Legacy-2.5i-TCM.bin
D6F2408100chg,TCM,USDM,2017,Outback,,n/a(scheme),_Modules/TCM/D6F2408100chg-2017-USDM-Subaru-Outback-2.5i-TCM.bin
D6FBE08000chg,TCM,USDM,2017,Outback,,n/a(scheme),_Modules/TCM/D6FBE08000chg-2017-USDM-Subaru-Outback-3.6R-TCM.bin
DF105742_RKE_REPchg2__82201AL31D,BIU,,,,,,_Modules/BIU/DF105742_RKE_REPchg2__82201AL31D.bin
DF105742_SKE_REPchg2__82201AL30D,BIU,,,,,,_Modules/BIU/DF105742_SKE_REPchg2__82201AL30D.bin
DF106306_RKE_REPchg2__82201AL41B,BIU,,,,,,_Modules/BIU/DF106306_RKE_REPchg2__82201AL41B.bin
DF106306_SKE_REPchg2__82201AL40B,BIU,,,,,,_Modules/BIU/DF106306_SKE_REPchg2__82201AL40B.bin
DU66REPchg2__88281VA251,BIU,,,,,,_Modules/BIU/DU66REPchg2__88281VA251-1.bin
DV01_REPchg2__82201AL31B_key,BIU,,,,,,_Modules/BIU/DV01_REPchg2__82201AL31B_key.bin
DV02_REPchg2__82201AL30B_smt,BIU,,,,,,_Modules/BIU/DV02_REPchg2__82201AL30B_smt.bin
E5F2008100chg,TCM,USDM,2016,Legacy,,n/a(scheme),_Modules/TCM/E5F2008100chg-2016-USDM-Subaru-Legacy-2.5i-TCM.bin
E5F2408100chg,TCM,USDM,2016,Outback,,n/a(scheme),_Modules/TCM/E5F2408100chg-2016-USDM-Subaru-Outback-2.5i-TCM.bin
ED3A105A,ETC,USDM,2005,,,n/a(scheme),_Modules/ETC/ED3A105A-2005-USDM-ETC.bin
EZFB2OB358S_FCAN,TCM,USDM,2013,Legacy,AT,valid,_Modules/TCM/EZFB2OB358S_FCAN-2013-USDM-Subaru-Legacy-3.6R-AT-TCM.bin
EZFB2WB358S_FCAN,TCM,USDM,2013,Legacy,AT,valid,_Modules/TCM/EZFB2WB358S_FCAN-2013-USDM-Subaru-Legacy-3.6R-AT-TCM.bin
F1F5D88200Cchg,TCM,USDM,2012,Impreza,CVT,CHECK(0/0),_Modules/TCM/F1F5D88200Cchg-2012-USDM-Subaru-Impreza-2.0i-CVT-TCM.bin
F1F5F88200Cchg,TCM,USDM,2012,Impreza,CVT,CHECK(0/0),_Modules/TCM/F1F5F88200Cchg-2012-USDM-Subaru-Impreza-2.0i-CVT-TCM.bin
F4F2008200chg,TCM,USDM,2015,Legacy,,n/a(scheme),_Modules/TCM/F4F2008200chg-2015-USDM-Subaru-Legacy-2.5i-TCM.bin
F4F2408200chg,TCM,USDM,2015,Outback,,n/a(scheme),_Modules/TCM/F4F2408200chg-2015-USDM-Subaru-Outback-2.5i-TCM.bin
F4FBC08000chg,TCM,USDM,2015,Legacy,CVT,n/a(scheme),_Modules/TCM/F4FBC08000chg-2015-USDM-Subaru-Legacy-3.6R-CVT-TCM.bin
F4FBE08000chg,TCM,USDM,2015,Legacy,CVT,n/a(scheme),_Modules/TCM/F4FBE08000chg-2015-USDM-Subaru-Legacy-3.6R-CVT-TCM.bin
F5FDD08000chg,TCM,USDM,2020,WRX,CVT,n/a(scheme),_Modules/TCM/F5FDD08000chg-2020-USDM-Subaru-WRX-2.0i-CVT-TCM.bin
H3FDD08000chg,TCM,USDM,2018,WRX,CVT,n/a(scheme),_Modules/TCM/H3FDD08000chg-2018-USDM-Subaru-WRX-2.0i-CVT-TCM.bin
H9F2408100chg,TCM,USDM,2018,Forester,CVT,n/a(scheme),_Modules/TCM/H9F2408100chg-2018-USDM-Subaru-Forester-2.5i-CVT-TCM.bin
H9F2608100chg,TCM,USDM,2018,Forester,CVT,n/a(scheme),_Modules/TCM/H9F2608100chg-2018-USDM-Subaru-Forester-2.5i-CVT-TCM.bin
H9FDE08000chg,TCM,USDM,2018,Forester,CVT,n/a(scheme),_Modules/TCM/H9FDE08000chg-2018-USDM-Subaru-Forester-2.0i-CVT-TCM.bin
J8F2408000chg,TCM,USDM,2016,Forester,,n/a(scheme),_Modules/TCM/J8F2408000chg-2016-USDM-Subaru-Forester-2.5i-TCM.bin
J8F2608000chg,TCM,USDM,2016,Forester,,n/a(scheme),_Modules/TCM/J8F2608000chg-2016-USDM-Subaru-Forester-2.5i-TCM.bin
J8FDE08000chg,TCM,USDM,2016,Forester,,n/a(scheme),_Modules/TCM/J8FDE08000chg-2016-USDM-Subaru-Forester-NA-TCM.bin
K1FDD08000chg,TCM,USDM,2016,WRX,CVT,n/a(scheme),_Modules/TCM/K1FDD08000chg-2016-USDM-Subaru-WRX-2.0i-CVT-TCM.bin
L6F2C88000Cchg,TCM,USDM,2015,Forester,CVT,CHECK(0/0),_Modules/TCM/L6F2C88000Cchg-2015-USDM-Subaru-Forester-2.5i-CVT-TCM.bin
L6F2E88000Cchg,TCM,USDM,2015,Forester,CVT,CHECK(0/0),_Modules/TCM/L6F2E88000Cchg-2015-USDM-Subaru-Forester-2.5i-CVT-TCM.bin
L6FDB88000chg,TCM,USDM,2015,Forester,CVT,CHECK(0/0),_Modules/TCM/L6FDB88000chg-2015-USDM-Subaru-Forester-2.0i-CVT-TCM.bin
L9FDD08100chg,TCM,USDM,2015,WRX,CVT,n/a(scheme),_Modules/TCM/L9FDD08100chg-2015-USDM-Subaru-WRX-2.0i-CVT-TCM.bin
M32_Appli_ver530B0700_private__87501AJ011,CAMERA,,,,,,_Modules/CAMERA/M32_Appli_ver530B0700_private__87501AJ011.bin
M32_Appli_ver53120400_private__87501AJ042,CAMERA,,,,,,_Modules/CAMERA/M32_Appli_ver53120400_private__87501AJ042.bin
PDF26WB0,TCM,USDM,2011,Forester,AT,CHECK(0/0),_Modules/TCM/PDF26WB0-2011-USDM-Subaru-Forester-2.5i-AT-TCM.bin
PDFE6WB0,TCM,USDM,2011,Forester,AT,CHECK(0/0),_Modules/TCM/PDFE6WB0-2011-USDM-Subaru-Forester-XT-AT-TCM.bin
Q4F5070000chg,TCM,USDM,2018,Impreza,CVT,n/a(scheme),_Modules/TCM/Q4F5070000chg-2018-USDM-Subaru-Impreza-2.0i-CVT-TCM.bin
Q4F5270000chg,TCM,USDM,2018,Impreza,CVT,n/a(scheme),_Modules/TCM/Q4F5270000chg-2018-USDM-Subaru-Impreza-2.0i-CVT-TCM.bin
R3F5070000chg,TCM,USDM,2017,Impreza,CVT,n/a(scheme),_Modules/TCM/R3F5070000chg-2017-USDM-Subaru-Impreza-2.0i-CVT-TCM.bin
R3F5270000chg,TCM,USDM,2017,Impreza,CVT,n/a(scheme),_Modules/TCM/R3F5270000chg-2017-USDM-Subaru-Impreza-2.0i-CVT-TCM.bin
R3F5470000chg,TCM,USDM,2018,Crosstrek,CVT,n/a(scheme),_Modules/TCM/R3F5470000chg-2018-USDM-Subaru-Crosstrek-2.0i-CVT-TCM.bin
R3F5670000chg,TCM,USDM,2018,Crosstrek,CVT,n/a(scheme),_Modules/TCM/R3F5670000chg-2018-USDM-Subaru-Crosstrek-2.0i-CVT-TCM.bin
R8FEE80040,TCM,USDM,2019,Ascent,CVT,n/a(scheme),_Modules/TCM/R8FEE80040-2019-USDM-Subaru-Ascent-2.4i-CVT-TCM.bin
R8FEE90000,TCM,USDM,2019,Ascent,CVT,n/a(scheme),_Modules/TCM/R8FEE90000-2019-USDM-Subaru-Ascent-2.4i-CVT-TCM.bin
R8FEF80040,TCM,USDM,2019,Ascent,CVT,n/a(scheme),_Modules/TCM/R8FEF80040-2019-USDM-Subaru-Ascent-2.4i-CVT-TCM.bin
R8FEF90000,TCM,USDM,2019,Ascent,CVT,n/a(scheme),_Modules/TCM/R8FEF90000-2019-USDM-Subaru-Ascent-2.4i-CVT-TCM.bin
SH2A_appli_ver000063B1_private__87501VA013,CAMERA,,,,,,_Modules/CAMERA/SH2A_appli_ver000063B1_private__87501VA013.bin
SH2A_appli_ver00006464_private_32E7__87501FL020,CAMERA,,,,,,_Modules/CAMERA/SH2A_appli_ver00006464_private_32E7__87501FL020.bin
SH2A_appli_ver000064E4_private__87501AL005,CAMERA,,,,,,_Modules/CAMERA/SH2A_appli_ver000064E4_private__87501AL005.bin
SH2A_appli_ver000064E6_private__87501FJ034,CAMERA,,,,,,_Modules/CAMERA/SH2A_appli_ver000064E6_private__87501FJ034.bin
SH4A_Appli_ver1F401012_private__87501AL005,CAMERA,,,,,,_Modules/CAMERA/SH4A_Appli_ver1F401012_private__87501AL005.bin
SH4A_Appli_ver1F401013_private__87501FJ034,CAMERA,,,,,,_Modules/CAMERA/SH4A_Appli_ver1F401013_private__87501FJ034.bin
SH4A_Appli_ver1F401015_private__87501VA013,CAMERA,,,,,,_Modules/CAMERA/SH4A_Appli_ver1F401015_private__87501VA013.bin
SH4A_Appli_ver1F40200E_private__87501FL020,CAMERA,,,,,,_Modules/CAMERA/SH4A_Appli_ver1F40200E_private__87501FL020.bin
SH4_Appli_ver490B0600_private__87501AJ011,CAMERA,,,,,,_Modules/CAMERA/SH4_Appli_ver490B0600_private__87501AJ011.bin
SH4_Appli_ver490D0600_private__87501AJ042,CAMERA,,,,,,_Modules/CAMERA/SH4_Appli_ver490D0600_private__87501AJ042.bin
W700H_enc__29071AA006,DMCM,,,,,,_Modules/DMCM/W700H_enc__29071AA006.bin
W728C_enc__29071AA012,DMCM,,,,,,_Modules/DMCM/W728C_enc__29071AA012.bin
X7F3E08000chg,TCM,USDM,2012,Legacy,CVT,CHECK(0/0),_Modules/TCM/X7F3E08000chg-2012-USDM-Subaru-Legacy-2.5i-CVT-TCM.bin
X7F3E18000chg,TCM,USDM,2012,Legacy,CVT,CHECK(0/0),_Modules/TCM/X7F3E18000chg-2012-USDM-Subaru-Legacy-2.5i-CVT-TCM.bin
XE1F900A,newgen,USDM,2019,Forester,CVT,n/a(scheme),_NewGen_RH850/Forester/XE1F900A-2019-USDM-Subaru-Forester-2.5i-CVT.hex
XE1M500A00G,newgen,USDM,2020,Impreza,MT,n/a(scheme),_NewGen_RH850/Impreza/XE1M500A00G-2020-USDM-Subaru-Impreza-2.0i-MT.hex
XE1M500B00G,newgen,USDM,2020,Impreza,CVT,n/a(scheme),_NewGen_RH850/Impreza/XE1M500B00G-2020-USDM-Subaru-Impreza-2.0i-CVT.hex
XE1M500C00G,newgen,USDM,2020,Impreza,MT,n/a(scheme),_NewGen_RH850/Impreza/XE1M500C00G-2020-USDM-Subaru-Impreza-2.0i-MT.hex
XE1M500D00G,newgen,USDM,2020,Impreza,CVT,n/a(scheme),_NewGen_RH850/Impreza/XE1M500D00G-2020-USDM-Subaru-Impreza-2.0i-CVT.hex
XE1M500E00G,newgen,USDM,2020,Crosstrek,MT,n/a(scheme),_NewGen_RH850/Crosstrek/XE1M500E00G-2020-USDM-Subaru-Crosstrek-2.0i-MT.hex
XE1M500F00G,newgen,USDM,2020,Crosstrek,CVT,n/a(scheme),_NewGen_RH850/Crosstrek/XE1M500F00G-2020-USDM-Subaru-Crosstrek-2.0i-CVT.hex
XE1M501a00G,newgen,USDM,2020,Forester,CVT,n/a(scheme),_NewGen_RH850/Forester/XE1M501a00G-2020-USDM-Subaru-Forester-2.5i-CVT.hex
XE1P500A00G,newgen,USDM,2021,Impreza,MT,n/a(scheme),_NewGen_RH850/Impreza/XE1P500A00G-2021-USDM-Subaru-Impreza-2.0i-MT.hex
XE1P500B00G,newgen,USDM,2021,Impreza,CVT,n/a(scheme),_NewGen_RH850/Impreza/XE1P500B00G-2021-USDM-Subaru-Impreza-2.0i-CVT.hex
XE1P500C00G,newgen,USDM,2021,Impreza,MT,n/a(scheme),_NewGen_RH850/Impreza/XE1P500C00G-2021-USDM-Subaru-Impreza-2.0i-MT.hex
XE1P500D00G,newgen,USDM,2021,Impreza,CVT,n/a(scheme),_NewGen_RH850/Impreza/XE1P500D00G-2021-USDM-Subaru-Impreza-2.0i-CVT.hex
XE1P500E00G,newgen,USDM,2021,Crosstrek,MT,n/a(scheme),_NewGen_RH850/Crosstrek/XE1P500E00G-2021-USDM-Subaru-Crosstrek-2.0i-MT.hex
XE1P500F00G,newgen,USDM,2021,Crosstrek,CVT,n/a(scheme),_NewGen_RH850/Crosstrek/XE1P500F00G-2021-USDM-Subaru-Crosstrek-2.0i-CVT.hex
XE1P501a00G,newgen,USDM,2021,Forester,CVT,n/a(scheme),_NewGen_RH850/Forester/XE1P501a00G-2021-USDM-Subaru-Forester-2.5i-CVT.hex
XE1P502G00G,newgen,USDM,2021,Crosstrek,CVT,n/a(scheme),_NewGen_RH850/Crosstrek/XE1P502G00G-2021-USDM-Subaru-Crosstrek-2.5i-CVT.hex
XE1R200A00G,newgen,USDM,2022,Impreza,MT,n/a(scheme),_NewGen_RH850/Impreza/XE1R200A00G-2022-USDM-Subaru-Impreza-2.0i-MT.hex
XE1R200B00G,newgen,USDM,2022,Impreza,CVT,n/a(scheme),_NewGen_RH850/Impreza/XE1R200B00G-2022-USDM-Subaru-Impreza-2.0i-CVT.hex
XE1R200C00G,newgen,USDM,2022,Impreza,MT,n/a(scheme),_NewGen_RH850/Impreza/XE1R200C00G-2022-USDM-Subaru-Impreza-2.0i-MT.hex
XE1R200D00G,newgen,USDM,2022,Impreza,CVT,n/a(scheme),_NewGen_RH850/Impreza/XE1R200D00G-2022-USDM-Subaru-Impreza-2.0i-CVT.hex
XE1R200E00G,newgen,USDM,2022,Crosstrek,MT,n/a(scheme),_NewGen_RH850/Crosstrek/XE1R200E00G-2022-USDM-Subaru-Crosstrek-2.0i-MT.hex
XE1R200F00G,newgen,USDM,2022,Crosstrek,CVT,n/a(scheme),_NewGen_RH850/Crosstrek/XE1R200F00G-2022-USDM-Subaru-Crosstrek-2.0i-CVT.hex
XE1R201a00G,newgen,USDM,2022,Forester,CVT,n/a(scheme),_NewGen_RH850/Forester/XE1R201a00G-2022-USDM-Subaru-Forester-2.5i-CVT.hex
XE1R201k00G,newgen,USDM,2022,Forester,CVT,n/a(scheme),_NewGen_RH850/Forester/XE1R201k00G-2022-USDM-Subaru-Forester-2.5i-CVT.hex
XE1R201z00G,newgen,USDM,2022,Forester,CVT,n/a(scheme),_NewGen_RH850/Forester/XE1R201z00G-2022-USDM-Subaru-Forester-2.5i-CVT.hex
XE1R202G00G,newgen,USDM,2022,Crosstrek,CVT,n/a(scheme),_NewGen_RH850/Crosstrek/XE1R202G00G-2022-USDM-Subaru-Crosstrek-2.5i-CVT.hex
XE1W011G00G,newgen,USDM,2023,Crosstrek,CVT,n/a(scheme),_NewGen_RH850/Crosstrek/XE1W011G00G-2023-USDM-Subaru-Crosstrek-2.5i-CVT.hex
XH3J2C0B,newgen,USDM,2017,Impreza,CVT,n/a(scheme),_NewGen_RH850/Impreza/XH3J2C0B-2017-USDM-Subaru-Impreza-2.0i-CVT.hex
XH3J2C1A,newgen,USDM,2018,Impreza,MT,n/a(scheme),_NewGen_RH850/Impreza/XH3J2C1A-2018-USDM-Subaru-Impreza-2.0i-MT.hex
XH3J2C1C,newgen,USDM,2018,Impreza,MT,n/a(scheme),_NewGen_RH850/Impreza/XH3J2C1C-2018-USDM-Subaru-Impreza-2.0i-MT.hex
XH3J2G0A,newgen,USDM,2017,Impreza,MT,n/a(scheme),_NewGen_RH850/Impreza/XH3J2G0A-2017-USDM-Subaru-Impreza-2.0i-MT.hex
XH3J2G0B,newgen,USDM,2017,Impreza,CVT,n/a(scheme),_NewGen_RH850/Impreza/XH3J2G0B-2017-USDM-Subaru-Impreza-2.0i-CVT.hex
XH3J2G0C,newgen,USDM,2017,Impreza,MT,n/a(scheme),_NewGen_RH850/Impreza/XH3J2G0C-2017-USDM-Subaru-Impreza-2.0i-MT.hex
XH3J2G0D,newgen,USDM,2017,Impreza,CVT,n/a(scheme),_NewGen_RH850/Impreza/XH3J2G0D-2017-USDM-Subaru-Impreza-2.0i-CVT.hex
XH3J2G0E,newgen,USDM,2018,Crosstrek,MT,n/a(scheme),_NewGen_RH850/Crosstrek/XH3J2G0E-2018-USDM-Subaru-Crosstrek-2.0i-MT.hex
XH3J2G0F,newgen,USDM,2018,Crosstrek,CVT,n/a(scheme),_NewGen_RH850/Crosstrek/XH3J2G0F-2018-USDM-Subaru-Crosstrek-2.0i-CVT.hex
XH3JD00D,newgen,USDM,2018,Impreza,CVT,n/a(scheme),_NewGen_RH850/Impreza/XH3JD00D-2018-USDM-Subaru-Impreza-2.0i-CVT.hex
XH3NA00A,newgen,USDM,2019,Impreza,MT,n/a(scheme),_NewGen_RH850/Impreza/XH3NA00A-2019-USDM-Subaru-Impreza-2.0i-MT.hex
XH3NA00B,newgen,USDM,2019,Impreza,CVT,n/a(scheme),_NewGen_RH850/Impreza/XH3NA00B-2019-USDM-Subaru-Impreza-2.0i-CVT.hex
XH3NA00C,newgen,USDM,2019,Impreza,MT,n/a(scheme),_NewGen_RH850/Impreza/XH3NA00C-2019-USDM-Subaru-Impreza-2.0i-MT.hex
XH3NA00D,newgen,USDM,2019,Impreza,CVT,n/a(scheme),_NewGen_RH850/Impreza/XH3NA00D-2019-USDM-Subaru-Impreza-2.0i-CVT.hex
XH3NA00E,newgen,USDM,2019,Crosstrek,MT,n/a(scheme),_NewGen_RH850/Crosstrek/XH3NA00E-2019-USDM-Subaru-Crosstrek-2.0i-MT.hex
XH3NA00F,newgen,USDM,2019,Crosstrek,CVT,n/a(scheme),_NewGen_RH850/Crosstrek/XH3NA00F-2019-USDM-Subaru-Crosstrek-2.0i-CVT.hex
XHVK402A,newgen,USDM,2019,Crosstrek,CVT,n/a(scheme),_NewGen_RH850/Crosstrek/XHVK402A-2019-USDM-Subaru-Crosstrek-2.0i-CVT.hex
XHVN103A00G,newgen,USDM,2020,Crosstrek,CVT,n/a(scheme),_NewGen_RH850/Crosstrek/XHVN103A00G-2020-USDM-Subaru-Crosstrek-2.0i-CVT.hex
Y6F3E08200chg,TCM,USDM,2011,Legacy,CVT,CHECK(0/0),_Modules/TCM/Y6F3E08200chg-2011-USDM-Subaru-Legacy-2.5i-CVT-TCM.bin
Y6F3E18200chg,TCM,USDM,2011,Outback,CVT,CHECK(0/0),_Modules/TCM/Y6F3E18200chg-2011-USDM-Subaru-Outback-2.5i-CVT-TCM.bin
Z5F3E08300chg,TCM,USDM,2010,Legacy,CVT,CHECK(0/0),_Modules/TCM/Z5F3E08300chg-2010-USDM-Subaru-Legacy-2.5i-CVT-TCM.bin
Z5F3E18300chg,TCM,USDM,2010,Outback,CVT,CHECK(0/0),_Modules/TCM/Z5F3E18300chg-2010-USDM-Subaru-Outback-2.5i-CVT-TCM.bin
