cid,unit,ecumaker,model,grade,size,sha256,dbw_checksum
E6PF101A,ECM,J2534,N.AMERICA Legacy 04MY,2.5L NA SEDAN/WAGON CAL NORMAL HEIGHT AT,0x80000,d8ce06accd452fa31e0f74fa1def30c9bf2b5652908d7fe118b24b6fe12fb0d9,valid
E6PF102A,ECM,J2534,N.AMERICA Legacy 04MY,2.5L NA SEDAN/WAGON CAL OBK AT,0x80000,2d00f2a24a976731f30cefeff109f4825e6e18a2a2d5376bf70530cb44567353,valid
E2ZK003A,ECM,J2534,N.AMERICA LEGACY 05MY,2.5L NA SEDAN•WAGON CAL 5MT,0x100000,b8e8766812cb4099bcb7a498dbe31fca5cd5475edca6d1321077d9335dd9319b,valid
ED3A105A,ECM,J2534,N.AMERICA LEGACY 05MY,2.5L NA SEDAN•WAGON CAL 5MT,0x28000,6c22dbe58f22b9a8cc4cf1692dec6eb0b61407a16353665aca4e1d257f38655b,n/a(scheme)
E2ZK002A,ECM,J2534,N.AMERICA LEGACY 05MY,2.5L NA SEDAN•WAGON CAL 4AT OBK,0x100000,3e46ce43c6eed9df5d7c6c68ff2aab0a9200b44923d2a9ac7ae7148f92c5e520,valid
ED3A105A,ECM,J2534,N.AMERICA LEGACY 05MY,2.5L NA SEDAN•WAGON CAL 4AT OBK,0x28000,6c22dbe58f22b9a8cc4cf1692dec6eb0b61407a16353665aca4e1d257f38655b,n/a(scheme)
E6PF103A,ECM,J2534,N.AMERICA Legacy 04MY,2.5L NA SEDAN/WAGON CAL NORMAL HEIGHT/OBK MT,0x80000,61f791313e2fe920fcac901cf7ce77e72a38db62245eda64049494ba440923f7,valid
E2ZK001A,ECM,J2534,N.AMERICA LEGACY 05MY,2.5L NA SEDAN•WAGON CAL 4AT NORMAL-HEIGHT,0x100000,0f97aa1320b8514a57a90c5d23f48f42a7de5516c54e7660d708ea5bde7f0f79,valid
ED3A105A,ECM,J2534,N.AMERICA LEGACY 05MY,2.5L NA SEDAN•WAGON CAL 4AT NORMAL-HEIGHT,0x28000,6c22dbe58f22b9a8cc4cf1692dec6eb0b61407a16353665aca4e1d257f38655b,n/a(scheme)
D0XJ007B,ECM,J2534,N.AMERICA TRIBECA 06MY,3.0L DOHC NA FED&CAL 5AT,0x100000,827e2c031ce23dd0097ea55f2d1438bc26d887189b8d0d7ed78f6f87ef7fe1ec,valid
E2VL002B,ECM,J2534,N.AMERICA LEGACY 06MY,2.5L NA SEDAN &WAGON FED MT,0x100000,e90b1c2430b8c4bf3d2a7056866d1eeec7f220b57486f88d370b271ddd9e898e,valid
E2VL001B,ECM,J2534,N.AMERICA LEGACY 06MY,2.5L NA SEDAN &WAGON FED AT,0x100000,9b109d1ce6fc0494215b1fc25c81c1bf1343993bcf90f1cd39fa09bb61b84205,valid
E2VL002A,ECM,J2534,N.AMERICA LEGACY 06MY,2.5L NA SEDAN &WAGON CAL MT,0x100000,a1ed4bd6c92864adfe8762e45221636ac6a40933c8465875f096a83c8372db65,valid
E2VL001A,ECM,J2534,N.AMERICA LEGACY 06MY,2.5L NA SEDAN &WAGON CAL AT,0x100000,d2ad625dad279ce2421c0562e0713bfa21e0b2fb194e7b7bccc42f5a534b20ea,valid
E2VL002D,ECM,J2534,N.AMERICA FORESTER 06MY,2.5L NA WAGON CAL &FED MT,0x100000,a6104a1db9ab11478c1dfbf32f8a7a8efc81fc1bfe4b076f9081250efedf61cc,valid
E2VL001D,ECM,J2534,N.AMERICA FORESTER 06MY,2.5L NA WAGON CAL &FED AT,0x100000,0d324ecf425b44fdf5da3b79c286c02ef44581e7dd6ed1b362bd5819743c63b1,valid
E2VL001C,ECM,J2534,N.AMERICA IMPREZA 06MY,2.5L NA SEDAN &WAGON CAL &FED AT,0x100000,5c274899cc91585f49e3621c68aadf017f050338e78a831f18272cce40b316cf,valid
A8DH202X,ECM,J2534,N.AMERICA IMPREZA 06MY,2.5L TURBO WRXiexcl. STIj SEDAN•WAGON FED•CAL 5MT,0x100000,e058eab25c64496de3d09aeb1996ac5f645548c81f84dc7103a71815aa1c0f55,valid
A8DH201W,ECM,J2534,N.AMERICA IMPREZA 06MY,2.5L TURBO WRXiexcl. STIj SEDAN•WAGON FED•CAL 4AT,0x100000,c6cd984bf49e877106924688ad2fd89d8daff90cdba5efeb977f8805169c9465,valid
A2UI001N,ECM,can,N.AMERICA LEGACY/OUTBACK 07MY,2.5L TURBO 5MT,0x100000,4f14a3d707386bba3d7add9824c4ac5d40162f48702647922e1aee1086b3ce62,valid
A2UI001L,ECM,can,N.AMERICA LEGACY SPEC.B 07MY,2.5L TURBO 6MT,0x100000,1f1a1f8742c72c4274fb8a4cc2ede04933d7f2cb1dda5c07d9bb2353377fd489,valid
A2UI001C,ECM,can,N.AMERICA LEGACY 07MY,2.5L TURBO FED&CAL NORMAL-HEIGHT/OBK 5AT,0x100000,d77c50817978e017b4f017a7e8f662ce58b07c4723345fb1c05b1fed243590c1,valid
E2UG001I,ECM,can,N.AMERICA FORESTER 07MY,2.5L NA WAGON FED AT,0x100000,5e7f2d4b10ba8a8e23a1e9420aed87cc9842742a2a1bc5ce7d5a9c200d10595c,valid
E2UG002H,ECM,can,N.AMERICA FORESTER 07MY,2.5L NA WAGON CAL MT,0x100000,63a1ca8b340541520122bb2b54f4b3a30192553b61bf1073807290697ef6faed,valid
E2UG001H,ECM,can,N.AMERICA FORESTER 07MY,2.5L NA WAGON CAL AT,0x100000,36d33955a5f54ca10bad66d64258faa7e1156062ea8f2cbcd0ceab718d88fd8f,valid
E2UG002B,ECM,can,N.AMERICA LEGACY 07MY,2.5L NA SEDAN &WAGON FED MT,0x100000,c11cc39c2f989ed251b8d922f997c4997d8418d7fbce5406b062becbd9730f42,valid
E2UG001B,ECM,can,N.AMERICA LEGACY 07MY,2.5L NA SEDAN &WAGON FED AT,0x100000,fb8305ffedb17603f7e5d5c2e4249fb5bdd1bc498bcc5ab64e809818d630bd89,valid
E2UG002A,ECM,can,N.AMERICA LEGACY 07MY,2.5L NA SEDAN &WAGON CAL MT,0x100000,a25e762442b54dcf7ef5180bc9bbad9c7f832ba576a196f1f671ef2f86bfd197,valid
E2UG001A,ECM,can,N.AMERICA LEGACY 07MY,2.5L NA SEDAN &WAGON CAL AT,0x100000,5e88707b67fd04c1c4cceba55ff6d38d0402c0893fe8a8251c2b68166c9ff693,valid
A2UJ001J,ECM,J2534,N.AMERICA IMPREZA 07MY,2.5L TURBO STIiexcl.WRX) FED & CAL 6MT,0x100000,74433c65d30ec6fcd9a17c07fe67e48bc0eb4f8a5ea7d5c631b8c0fecc2ea4f6,valid
A8DK101X,ECM,J2534,N.AMERICA IMPREZA 07MY,2.5L TURBO WRXiexcl. STIj SEDAN•WAGON FED•CAL 5MT,0x100000,26039446e179348acbd6ebe5c7e86fbb86c6e00a25856df5ed65125ff8a03a5f,valid
A8DK101W,ECM,J2534,N.AMERICA IMPREZA 07MY,2.5L TURBO WRXiexcl. STIj SEDAN•WAGON FED•CAL 4AT,0x100000,7247e532cd18420e40abebc70c53e0c7be1997959be88eb01b19c953034124a3,valid
E2UG002L,ECM,J2534,N.AMERICA IMPREZA 06&07MY,2.5L NA SEDAN &WAGON CAL &FED MT,0x100000,c9cd8f90e2104e5b088d0c89f2b636f4a72bf947607559c2deef4ebe8d71b336,valid
E2UG001L,ECM,J2534,N.AMERICA IMPREZA 07MY,2.5L NA SEDAN &WAGON CAL &FED AT,0x100000,e0f8951efd8bc7aa9fb666546b590f26c28a56f39f741dd5c7dd0e57e3a529ce,valid
EZ1GB00G,ECM,can,N.AMERICA IMPREZA 08MY/09MY,2.5L NA SEDAN/WAGON FED&CAL 5MT,0x100000,1430c037808af797dd8e10842773cedb42663abfe9a0138bd19de5798094c4a9,valid
EZ1GB00H,ECM,can,N.AMERICA IMPREZA 08MY/09MY,2.5L NA SEDAN/WAGON FED&CAL 4AT,0x100000,926f325399ad14986df1ca8102a844d89d5cf05b5ddf1f93e22de4ce20f212bf,valid
A2TB001N,ECM,can,N.AMERICA LEGACY/OUTBACK 08MY,2.5L TURBO 5MT,0x100000,c81dc38bf82ef05fb33ccd8073dd12d4b18b352e4aff2b291560c41d88a34f9a,valid
A2TB001L,ECM,can,N.AMERICA LEGACY SPEC.B 08MY,2.5L TURBO 6MT,0x100000,ee3ffdff1cca00744105e4c29af2f7b68fa1dcf80da052ca3684788e8bbc97fb,valid
EZ1GC00C,ECM,can,N.AMERICA LEGACY 08MY/09MY,2.5L NA SEDAN/WAGON FED 5MT,0x100000,d8dcac365c9bd594e1ad114004ddedb461c7505a612cb6d1fa462d9e9ca56f98,valid
EZ1GC00D,ECM,can,N.AMERICA LEGACY 08MY/09MY,2.5L NA SEDAN/WAGON FED 4AT,0x100000,861f073670f7f55184b43d8d26327c184dd7da64b3384de2a2209d9a14a399ab,valid
EZ1GC00A,ECM,can,N.AMERICA LEGACY 08MY/09MY,2.5L NA SEDAN/WAGON CAL 5MT,0x100000,5650d5c277eb8a04e4ba4d0d363577b743245067d144bdd842fcb4f7422d4aac,valid
EZ1GC00B,ECM,can,N.AMERICA LEGACY 08MY/09MY,2.5L NA SEDAN/WAGON CAL 4AT,0x100000,b2480763ced9e2b84ec6496dbb430aa06f230dfe6a64af337221e8fcd310a814,valid
DZ1E401B,ECM,can,N.AMERICA TRIBECA 08MY,3.6L NA FED&CAL 5AT,0x100000,9d2af333d4d1b375f767320c51e56ed96045f7834d03f3457d5068dbc86f5bf7,valid
E2TD001I,ECM,can,N.AMERICA FORESTER 08MY,2.5L NA WAGON FED 4AT,0x100000,05447d168d529223bdca461192ef4b0359b0ad58355c957d34b7ead26b4ec284,valid
EZ1GC00E,ECM,can,N.AMERICA FORESTER 08MY,2.5L NA WAGON CAL 5MT,0x100000,c1da671002ac8351bbfb7c4c1516cd5dd2d8708f29051fab6117251e04a63a8d,valid
EZ1GC00F,ECM,can,N.AMERICA FORESTER 08MY,2.5L NA WAGON CAL 4AT,0x100000,52af94dcbb002a81576f9ee669f48f715afbcf2bf845d1892286df2e35afc623,valid
AZ1G202I,ECM,can,N.AMERICA IMPREZA 08MY,2.5L TURBO STIiexcl.WRXj FED•CAL 6MT,0x100000,340d7e6ffa2ffc60cfdef6da915dcd6357c347a8fd28d490d5c4de7ab682b2fb,valid
EZ1GB00K,ECM,can,N.AMERICA FORESTER 09MY,2.5L NA WAGON FED 5MT,0x100000,c96f0836cb6e4607c9af3314880990cf0cdab187d21f6d037479ac5a22f3c68b,valid
EZ1GB00L,ECM,can,N.AMERICA FORESTER 09MY,2.5L NA WAGON FED 4AT,0x100000,6104a1bafead0808f554cd61974d34081158e23c39dfaa2b1876b0d9af73e4a3,valid
EZ1GB00I,ECM,can,N.AMERICA FORESTER 09MY,2.5L NA WAGON CAL 5MT,0x100000,f89468431906857fcec33540e02263aa4614eb70202e15dda3ac23cbb3e4c6c8,valid
EZ1GB00J,ECM,can,N.AMERICA FORESTER 09MY,2.5L NA WAGON CAL 4AT,0x100000,d02e9bafaed9f6f8c3b49159bccee3f33923e3bb186ce511677fb6230ba17fc3,valid
E2UG002I,ECM,can,N.AMERICA FORESTER 07MY,2.5L NA WAGON FED MT,0x100000,353e4862e9c05af5ce4486d737bb435f9765bfc3cecf1036f1f06bd0e6c80ccc,valid
E2TD002I,ECM,can,N.AMERICA FORESTER 08MY,2.5L NA WAGON FED 5MT,0x100000,033c2b7b383d32bae59b0a87d048b83b5bd934ea71dcc70ddfd3f55ffc00efa9,valid
AZ1G410V,ECM,can,N.AMERICA IMPREZA 09MY,2.5L TURBO WRXiexcl.STIj FED•CAL 5MT,0x100000,25c0b8ddd7b922192759e34dcd583d4ffd7bda1b854cfece233219ae6aa8f978,valid
EZ1GD00A,ECM,can,N.AMERICA LEGACY 08/09MY,2.5L NA CAL MT,0x100000,6e6a02e1cadefaa861b8bbc3ac9bed0df3961fc64403079abd28f59b205ef92c,valid
EZ1GD00B,ECM,can,N.AMERICA LEGACY 08/09MY,2.5L NA CAL AT,0x100000,e84479f2b4ffea65722d9b46d4441e12f889c04d177965c6f20d689121283622,valid
EZ1GD00E,ECM,can,N.AMERICA FORESTER 08MY,2.5L NA CAL MT,0x100000,858fd5aeeea2e32b7d9801490762d91132e2c5e1e766a539f2dba159117e2640,valid
EZ1GD00F,ECM,can,N.AMERICA FORESTER 08MY,2.5L NA CAL AT,0x100000,17c14b1f4ffd897b5c0617ae2090a436b33889c292188718a44895944d3fd3d9,valid
EZ1GB20I,ECM,can,N.AMERICA FORESTER 09MY,2.5L NA CAL MT,0x100000,bf59e3822a01cce69283b2672ebb5cc046fd13ba22f6dc51188174a57b36876e,valid
EZ1GB20J,ECM,can,N.AMERICA FORESTER 09MY,2.5L NA CAL AT,0x100000,7c81a429f1ad8f3d09299f72bd03933ac00314bffb5e26fd2e7065f0140f1081,valid
DE5F201B,ECM,can,N.AMERICA LEGACY 10MY,3.6L NA SEDAN•WAGON CAL AT,0x100000,b51ede8a578158edd4bf0759f2974f871469fb8e31521c7e9c18f9913efdc90f,valid
DE5F201G,ECM,can,N.AMERICA LEGACY 10MY,3.6L NA SEDAN•WAGON FED AT,0x100000,27f3add45a01e42d56c127053ff06253887e69e2a3a6ced0ebefde37e9511788,valid
EZ1GB10K,ECM,can,N.AMERICA FORESTER 10MY,2.5L NA WAGON FED 5MT,0x100000,b814e9a93b0441f5a080d790a7009a84090bb7a0739197ec2535bbb9be1cd4c9,valid
EZ1GB10L,ECM,can,N.AMERICA FORESTER 10MY,2.5L NA WAGON FED 4AT,0x100000,adaf867971155d7279f64b41c0fe26325e40d4bfd307daa0e97cbf76f11871a1,valid
EZ1GB10I,ECM,can,N.AMERICA FORESTER 10MY,2.5L NA WAGON CAL 5MT,0x100000,66d46374d5b928cd088df53b2368a228d2026ec12bab1e4c64cf8c5bf4fd9375,valid
EZ1GB10J,ECM,can,N.AMERICA FORESTER 10MY,2.5L NA WAGON CAL 4AT,0x100000,4a3fba9c888b32a2b09bec232f24722fbd0013565f225f7599efffe51bcb5e42,valid
EZ1GB10G,ECM,can,N.AMERICA IMPREZA 10MY,2.5L NA SEDAN/WAGON FED&CAL 5MT,0x100000,62dff4982d033a71663bc4a65d01dfdb1432deef4c5fc5270ff0f39a79953177,valid
EZ1GB10H,ECM,can,N.AMERICA IMPREZA 10MY,2.5L NA SEDAN/WAGON FED&CAL 4AT,0x100000,bc26835c9ca9b9cabc9435dd8bcdc20faa9cf3a7e9f2ffdf09cb62aadaa784a5,valid
AZ1G710V,ECM,can,N.AMERICA IMPREZA 10MY,2.5L TURBO WRXiexcl.STIj FED•CAL 5MT,0x100000,f49f1d4e9f76c506a105716ecd0744e79d84598bbe32c649c24f6b624657f920,valid
EE5I910G,ECM,can,N.AMERICA IMPREZA 11MY,2.5L NA CAL &FED 5MT,0x100000,d7b303f77319a0e79a334091f9b305232f50f17c057caa83be97f08dde8846ce,valid
EE5I910H,ECM,can,N.AMERICA IMPREZA 11MY,2.5L NA CAL &FED 4AT,0x100000,473522bb8e3ad6d806bc0f615455533f2b513bae56181ad6c207f4b6fba461ac,valid
EE5I910U,ECM,can,N.AMERICA LEGACY 10MY/11MY,2.5L NA SEDAN/WAGON CAL MT,0x100000,1ab4e21a81d522c7d77190829afd2500909b20b51a55ddda869221842a336a0a,valid
EE5I921T,ECM,CAN,N.AMERICA LEGACY 10MY/11MY,2.5L NA SEDAN/WAGON CAL CVT,0x100000,1e8aa4d88e37a0d20de1b8c6116cb8f07c07f98cda96502dc68993321d02775c,valid
EE5I910W,ECM,can,N.AMERICA LEGACY 10MY/11MY,2.5L NA SEDAN/WAGON FED MT,0x100000,9671d2992d64c20e7bd4ffcb7b6089acbcd35c1b5fb1e4586dccc9f34433283f,valid
EE5I921V,ECM,CAN,N.AMERICA LEGACY 10MY/11MY,2.5L NA SEDAN/WAGON FED CVT,0x100000,a20e7975b54551dfccfa880de9c1066341ae2779ae0edc5177b489d8118fc324,valid
AE5I910E,ECM,can,N.AMERICA LEGACY 11MY,2.5L TURBO SEDAN &WAGON CAL &FED 6MT,0x100000,b0204f20a8a0536a69d583346cabdccece9a4d506bded03e12b69e4b5ee23320,valid
DE5F810B,ECM,can,N.AMERICA LEGACY 11MY,3.6L NA SEDAN &WAGON CAL 5AT,0x100000,1bf1ff4f7114f6b206f4a5afab38b0884d4a10ee0fc7fa45aa8f250a4e5d4448,valid
DE5F810G,ECM,can,N.AMERICA LEGACY 11MY,3.6L NA SEDAN &WAGON FED 5AT,0x100000,bad812f0e37b59c9ddeb6bdad9adce6329ef0343797ff49251e20f84a772bf44,valid
AE5I910L,ECM,can,N.AMERICA IMPREZA 11MY,2.5L TURBO WRXiexcl.STIj FED &CAL 5MT,0x100000,445583264c63dff5363378084589d846a77b6f7b0dc1f691c73755ca023ef326,valid
AE5I910V,ECM,can,N.AMERICA IMPREZA 11MY,2.5L TURBO STIiexcl.WRXj CAL &FED 6MT,0x100000,eccf8f38e6280d6a49a34cc40be67d4b5e11dd049daa548cbb60e2d7e55aa057,valid
AE5IB41R,ECM,can,N.AMERICA FORESTER 11MY,2.5L TURBO AT FED,0x100000,5952c69f3add5b86e729239e758470df748c4c33caac5d7b6d27fcfdbde2f324,valid
DE5IB40K,ECM,CAN,N.AMERICA TRIBECA 11MY,3.6L NA WAGON FED/CAL 5AT,0x100000,bf1e0a374e6a3ed7d885953d7f58110a8825479d95bd6a3c0ceb90339391caea,valid
EP5DB00B,ECM,can,FORESTER 11MY,2.5L NA AT CAL,0x100000,4c87318c14a0f79ba03381321a7991e5b05e177cfbad809b7b965d1a8dffdd25,valid
EP5DA00A,ECM,can,N.AMERICA FORESTER 11MY,2.5L NA AT CAL,0x100000,6ef512b367340f21ebcf8d063bd359ef30b32871a8da09ffb91ec7b5f8ae806e,valid
EP5DB00D,ECM,can,FORESTER 11MY,2.5L NA AT FED,0x100000,7aa94be108b325b2b8b4e9988b566ed32fb425466201a70f3c15ef3aad4b6a0c,valid
EP5DA00C,ECM,can,N.AMERICA FORESTER 11MY,2.5L NA AT FED,0x100000,d1b820b9bc657dee4b9bb394eff2353c0fa8817bb467dc4063126f6b7300f2a9,valid
EP5GD00C,ECM,can,N. America IMPREZA 12MY,2.0L NA MT FED,0x100000,9db6918d7fd8458c565c3e07763e9516dd7c74770c63cb4be357205ae8dec90d,valid
EP5GD00D,ECM,can,N. America IMPREZA 12MY,2.0L NA CVT FED,0x100000,cdc2b37c298ff0b6607801826aedd85881d2cefccc2b45699cc47b050c5d1660,valid
EP5GD00A,ECM,can,N. America IMPREZA 12MY,2.0L NA MT CAL,0x100000,66ad92e9b367d0eeec501dab1ef8ca5529f051cd1ea38a6f67cae0bcf93c15b6,valid
EP5GD00B,ECM,can,N. America  IMPREZA 12MY,2.0L NA CVT CAL,0x100000,175f12d54312e8653a3b25876a080016dd816b880894f0619a9db6fb22fdb938,valid
EE5K900U,ECM,can,N.AMERICA LEGACY 12MY,2.5L NA MT CAL,0x100000,81810f597632bf5de48a72abf60ab8609103c8882b691bc17395b38bc5460a77,valid
EE5K801T,ECM,CAN,N.AMERICA LEGACY 12MY,2.5L NA SEDAN/WAGON CAL CVT,0x100000,153d7c39ae296a7047cd1419601287815a3525d9cf49fac2d14b2dfe849f2e4d,valid
EE5K801V,ECM,CAN,N.AMERICA LEGACY 12MY,2.5L NA SEDAN/WAGON FED CVT,0x100000,863d12a3e862a9b11004f79d4b1673912f2b693b8634025115f385f9762bcb81,valid
DE5K800B,ECM,CAN,N.AMERICA LEGACY 12MY,3.6L NA SEDAN/WAGON CAL 5AT,0x100000,a9e81dd0662b237d26af2526a9dadbce69d0079ceaa43bf5265b063c043695db,valid
DE5K800G,ECM,CAN,N.AMERICA LEGACY 12MY,3.6L NA SEDAN/WAGON FED 5AT,0x100000,d381fecbc7b046e7d13275b98d357a6d81add1e0977fa210afba76a9b76db563,valid
AE5K800L,ECM,can,N.AMERICA IMPREZA WRX 12MY,2.5L TURBO SEDAN/WAGON FED/CAL 5MT,0x100000,f0d18b9381d0f1c8680e845f3e262beda4c3bd06f7f9514e8f611f0c4616ac4b,valid
AE5K800V,ECM,can,N.AMERICA IMPREZA STI 12MY,2.5L TURBO SEDAN/WAGON FED/CAL 6MT,0x100000,193bfdb8dd4cbd8470d813733e13fccf7036f1613e238f7f7b9935175dabcf5e,valid
EE5IB50U,ECM,can,N.AMERICA LEGACY 11MY,2.5L NA MT CAL,0x100000,547f15fdb9adb8ea7ee2efbb218856c805df05fa3fb0e0654b9aadfb260c00e6,valid
EE5IB41T,ECM,CAN,N.AMERICA LEGACY 11MY,2.5L NA SEDAN/WAGON CAL CVT,0x100000,32236a7b9fbfd87c2941859e85a0b90d05da208f78841d684990908308e96b27,valid
EE5IB50W,ECM,can,N.AMERICA LEGACY 11MY,2.5L NA MT FED,0x100000,c6db0873ac35bbd54486476d6b65674221ad409ce8cb249154ce5ef27007bc1c,valid
EE5IB40V,ECM,CAN,N.AMERICA LEGACY 11MY,2.5L NA SEDAN/WAGON FED CVT,0x100000,0f8491e642a4b7cb3a51ee4b06bc4b0ef2c09951915d386e0b4ed3ec17b341bd,valid
AE5IB50E,ECM,can,N.AMERICA LEGACY 11MY,2.5L TURBO MT FED,0x100000,945fdce439fae2123228469e3e6c1d111af4eda89d777340c7c27597c2b85873,valid
DE5IB40B,ECM,CAN,N.AMERICA LEGACY 11MY,3.6L NA SEDAN/WAGON CAL 5AT,0x100000,1c7aaa681c801c8e8e46212afd0b2f67278757b3cfcfeb2302b1f76462797415,valid
DE5IB40G,ECM,CAN,N.AMERICA LEGACY 11MY,3.6L NA SEDAN/WAGON FED 5AT,0x100000,55119d0544f30086a83a010f53a3ee2254bb8d0e6107c540518519bd96feae42,valid
EE5IB50G,ECM,can,N.AMERICA IMPREZA 11MY,2.5L NA MT FED,0x100000,732e20bcfa66fed60faf28758b0cf7200554421ee883b5e007ee0273f446efc6,valid
EE5IB40H,ECM,CAN,N.AMERICA IMPREZA 11MY,2.5L NA SEDAN/WAGON FED/CAL 4AT,0x100000,9d48c5bb1af7cd269412be903b9626085fec37fa02e17dee25e15710f963b7dd,valid
AE5IB40L,ECM,can,N.AMERICA IMPREZA WRX 11MY,2.5L TURBO SEDAN/WAGON FED/CAL 5MT,0x100000,61f500928df27ed1c10b2ce0a7fd5f9c19e283fe6cb607a7272ddf033900cbaf,valid
AE5IB40V,ECM,can,N.AMERICA IMPREZA STI 11MY,2.5L TURBO SEDAN/WAGON FED/CAL 6MT,0x100000,e9e6dfe5c51e3c0d8439aea515d9af87159acff2eaf1bce1a86d4ff07d3d4f12,valid
DE5M301C,ECM,can,N.AMERICA LEGACY 13MY without push-button start system,3.6L NA SEDAN/WAGON CAL 5AT,0x100000,701a85e0d9bb367a4e0a634061ad02f5ef661c3fa3e3cc2d47e9deb94180d2df,valid
DE5M301H,ECM,can,N.AMERICA LEGACY 13MY without push-button start system,3.6L NA SEDAN/WAGON FED 5AT,0x100000,fcbdf5b6b3829e9f0a1bf50a73e81dc3a293f7831fbaf9afe24f08aac98b73f9,valid
AE5K900E,ECM,can,N.AMERICA LEGACY 12MY,2.5L TURBO MT FED,0x100000,0c66eb617915d379a24d800a4af85fce654f3854d7a656a94fe5a3419d9d0052,valid
EE5K900W,ECM,can,N.AMERICA LEGACY 12MY,2.5L NA MT FED,0x100000,922ad55f22a9aeffbf077c300de82f386ce97c23e922d3e4a8b724d344d0e6b2,valid
EP5GC00b,ECM,can,FORESTER 12MY,2.5L NA AT CAL,0x100000,4ff160ee9d94ac106f670cb3e938c5e913fcf7880d7b3d577154edfdd475b562,valid
EP5G900a,ECM,can,N.AMERICA FORESTER 12MY,2.5L NA MT CAL,0x100000,b1b4ffb199b6f3e33d9a4643b3bfe2181cb1fbe37d50c7b2e1ef403253bbfc3c,valid
EP5GC00d,ECM,can,FORESTER 12MY,2.5L NA AT FED,0x100000,9e4e2f33eb74f6c232cc2396e2a990da455fe67ad8da6fbbd4edd141f153589d,valid
EP5G900c,ECM,can,N.AMERICA FORESTER 12MY,2.5L NA MT FED,0x100000,4edf99ebd1b4c345ab0c7aa2b6e0b44f1c30fbbb84d8e2fa5611bd6bb546da84,valid
AE5K801R,ECM,can,N.AMERICA FORESTER 12MY,2.5L TURBO AT FED,0x100000,7810570f88ab348cf5fc75c5fe10a9ab10e7291925ee871fd5e2504f760998a6,valid
DE5K800K,ECM,CAN,N.AMERICA TRIBECA 12MY,3.6L NA WAGON FED/CAL 5AT,0x100000,925938c169f1520eb865951a760ab05784c3aae6a1fd24016504f77fa49cb315,valid
DE5M301B,ECM,can,N.AMERICA LEGACY 13MY with push-button start system,3.6L NA SEDAN/WAGON CAL 5AT,0x100000,4ccc1e9a7107685b146311361741e998aae2da6baa4a3b5ae0dc6819bbb15aac,valid
DE5M301G,ECM,can,N.AMERICA LEGACY 13MY with push-button start system,3.6L NA SEDAN/WAGON FED 5AT,0x100000,39bf7fc65b823e8a7cacdac14c322becf3df666596eefb396053304159cc63eb,valid
EA1P300c,ECM,CAN,LEGACY 13MY/14MY,2.5L NA MT CAL,0x140000,56fa8d6ceac880a6f317d1e052e6ba6dd337e6e10e37950e7cfa7bd4159e6fdf,valid
EA1P300e,ECM,CAN,LEGACY 13MY/14MY,2.5L NA MT FED,0x140000,c9f070bc3e4011a196e3a4eeef2638b9d64ed207673c71ec0479ac2c63fe89c7,valid
EA1P300d,ECM,CAN,LEGACY 13MY/14MY,2.5L NA CVT CAL,0x140000,fc7badde2dca7cfa48402d2176036ad7f8011d43de96a987208e4548470da9fe,valid
EA1P300f,ECM,CAN,LEGACY 13MY/14MY,2.5L NA CVT FED,0x140000,4f6d4db011585274c6d8aec63b4d57bc69d19d2a08b97d546b38c5d7570cce68,valid
EA1M511C,ECM,CAN,FORESTER 14MY N.America,"2.5L NA MT C0,C4",0x140000,388c91616f6ea0f8152350db71148346bfb57de611bd5039e6171eb1efb1796f,valid
EA1M511D,ECM,CAN,FORESTER 14MY N.America,"2.5L NA CVT C0,C4",0x140000,5571e495b53d86f6ed3b0a0f85428bb476033ed78bbd2308bfdd44f0b928efdb,valid
EA1M511A,ECM,CAN,FORESTER 14MY N.America,2.5L NA MT U5,0x140000,15bdfe817ffc12bfc24f53009eac44a28245ba48aec137eb990864d416965292,valid
EA1M511B,ECM,CAN,FORESTER 14MY N.America,"2.5L NA CVT U5,C5",0x140000,ffe8d4c4712ee4cd1631b28221a274e0b479d350ce76e1d5e4b6a5169336c98a,valid
AE5L700R,ECM,can,N.AMERICA FORESTER 13MY,2.5L TURBO AT,0x100000,565136b12a477998f90bb91bdfde160623876748cee8f61f9ac1a99e4c49e249,valid
EP5H500b,ECM,can,FORESTER 13MY,2.5L NA AT CAL,0x100000,32c8cbf2ef417213c5816ebfbafa8a6726b0ee2dc3a210b8660db68dfecd9d8a,valid
EP5H500a,ECM,can,FORESTER 13MY,2.5L NA MT CAL,0x100000,089310eedeccae6b9229d0ed7f2dcc8f3c29fa2df508eadc72d01d9347b20753,valid
EP5H500d,ECM,can,FORESTER 13MY,2.5L NA AT FED,0x100000,77cd7198ba3ff8626afa18f546431266e3a3212da805cf13719affa0964952ce,valid
EP5H500c,ECM,can,FORESTER 13MY,2.5L NA MT FED,0x100000,61d9e0378ed1fc0351dfed07386c2978b152803ecfc54f65b885129d4e856ebf,valid
EM2F401E,ECM,CAN,XV CROSSTREK HYBRID 14MY,2.0L NA CVT HEV,0x140000,a64f35bbe19e8337baf670307827430fe58ee572e60e8b68afc2e7601deb3aca,valid
EP5I800H,ECM,can,IMPREZA 13MY,2.0L NA MT FED,0x100000,e1556889bdde09b3cc8895035935342ebabc0b715c3645a07bdc2f2b6fd169ad,valid
EP5IA00I,ECM,can,N. America IMPREZA 13MY,2.0L NA CVT FED,0x100000,f797a8f9900419f588d70cc165a8cd121bf68b76d97ce44d95f921b04a041e94,valid
EP5I800F,ECM,can,IMPREZA 13MY,2.0L NA MT CAL,0x100000,62f995de02822878462de7f77da3b8fbdf99fec6993bfbe086c34ce6910adb8f,valid
EP5IA00G,ECM,can,N. America IMPREZA 13MY,2.0L NA CVT CAL,0x100000,162e6ebe46fccb86f50e6addaa79802f1427660ad012f661809869a991d0e424,valid
EP5I800C,ECM,can,XV CROSSTREK 13MY,2.0L NA MT FED,0x100000,b1493bea6420e7af01c08f6254fb00d885c86e3bbd036e6a74d31441e01020f7,valid
EP5IA00D,ECM,can,N. America XV CROSSTREK 13MY,2.0L NA CVT FED,0x100000,dbb14ef0d26df5e347a8e07b9c283e70bbb807c80a283c0c42fafd2c643bd741,valid
EP5I800A,ECM,can,XV CROSSTREK 13MY,2.0L NA MT CAL,0x100000,6570e822787e08a4b0dcfa6e5e3ededc5964419d5ce7e9930bb7efc4f3ee81d6,valid
EP5IA00B,ECM,can,N. America XV CROSSTREK 13MY,2.0L NA CVT CAL,0x100000,21848496d9261c02b6d66a93a8fd238b825af7e1e2937ab9a378cf5433051d2b,valid
AE5L700L,ECM,can,N.AMERICA IMPREZA 13MY,2.5L TURBO 5MT,0x100000,ddfa0defea7683c25c34d2c3781c7cc9842de692fdceae5625cb68a504debed1,valid
AE5L700V,ECM,can,N.AMERICA IMPREZA 13MY,2.5L TURBO 6MT,0x100000,67bce408ab5bbd8ab216029b1e73b06bd0760d6ffd07e8b6d4b1a099e7fbbce3,valid
EB4GH00A,ECM,CAN,N.America LEGACY/OUTBACK 15MY,2.5L NA MT C0,0x140000,3a57eef17ee4a2eb2ed38609b0ce4ca9eda514742ed91c4026680df6183d124c,valid
EB4GH00B,ECM,CAN,N.America LEGACY/OUTBACK 15MY,"2.5L NA CVT U6,C0",0x140000,94076360b27a873bf4985c989cb54c4694391a25d4f2057fe89db46c0839fd47,valid
EB4GH00C,ECM,CAN,N.America LEGACY/OUTBACK 15MY,"2.5L NA CVT U5,C5",0x140000,9b76ba672c31ecd8c098e7246593e0dd353f285c9f548ed28ad734a14d3b0a10,valid
DB4GH00D,ECM,CAN,N.America LEGACY/OUTBACK 15MY,"3.6L NA CVT U4,C0",0x140000,4c360e45a44122d577cc36a294d7c6c06a3c8b9f4a6c0480567154eba4cc6471,valid
AE5R200V,ECM,can,WRX STI 15MY N.America,2.5L TURBO MT,0x100000,8ca6ddedcee0dff730f9b9efdd47eb183c1155d62b66af5638d8850792030225,valid
AE5Q200L,ECM,can,N.AMERICA IMPREZA 14MY,2.5L TURBO 5MT,0x100000,bc6360d54fbee0d2c635aa137815e2bc7142f7abec0c3ef8a37268be299cd48e,valid
AE5Q200V,ECM,can,N.AMERICA IMPREZA 14MY,2.5L TURBO 6MT,0x100000,c6da8d30e17c3ca778242bdb746f8f0e831468efc0cdd997455401bc2c8baaf4,valid
EP5L300H,ECM,can,N. America IMPREZA 14MY,2.0L NA MT FED,0x100000,95352436b831131dc60b48c22afa49b5233fb4b096a887f8729f062b064614d1,valid
EP5L301I,ECM,can,"IMPREZA 14MY C0,U6,C4",2.0L NA CVT,0x100000,a93c46242cbcbb8b0aaea988bf0f2ac45973352c4e65526799fb4d7f662eef73,valid
EP5L300F,ECM,can,N. America IMPREZA 14MY,2.0L NA MT CAL,0x100000,fc628687c03860d4b4bf0e4dc9af52ad21e97b8e25843cbd5f698f5656fe24e2,valid
EP5L301G,ECM,can,IMPREZA 14MY U5,2.0L NA CVT,0x100000,2a53a6079b0d3a87d9ecd0e759ea1122aa4b2c6531d66a824fca4520e8d9d6ef,valid
EP5L300C,ECM,can,N. America XV CROSSTREK 14MY,2.0L NA MT FED,0x100000,8fbf84ccd0749b2b6a9002ad92f386d860c6ad509d09fa265f97fb4c315b26cc,valid
EP5L301D,ECM,can,"Crosstrek 14MY C0,U6,C4",2.0L NA CVT,0x100000,6b8521496e2d9bb03830bd30efa5b571fc74401de710872bc165aa03565ea78e,valid
EP5L300A,ECM,can,N. America XV CROSSTREK 14MY,2.0L NA MT CAL,0x100000,f6e1d7442c4139f5ad4cbf3bffb40b2a3c32e072c969d7b244a1428d8651edeb,valid
EP5L301B,ECM,can,Crosstrek 14MY U5,2.0L NA CVT,0x100000,0cd2b53a932671d0b5c981654d093922fb05dfa8c3f11b73586e65e95b3b5146,valid
ZA1JB01D,ECM,CAN,N.AMERICA BRZ/FR-S 13MY/14MY,2.0L NA AT,0x140000,e93876799a874dd257a936eeb63f85637295501fee450a7549586d4c3919bbef,valid
ZA1JB01C,ECM,CAN,N.AMERICA BRZ/FR-S 13MY/14MY,2.0L NA MT,0x140000,bca82bca5e486272aeb7d609a704bff8c9a9ca0e27f001ed481f58862a8ff834,valid
EA1M811C,ECM,CAN,FORESTER 15MY N.America,"2.5L NA MT C0,C4",0x140000,c9d6eccd6341ea88812d37dd11cb3812999e3b5dff48af2a34bba1382c7594fc,valid
EA1M811D,ECM,CAN,FORESTER 15MY N.America,"2.5L NA CVT C0,C4",0x140000,382f49536f8121850a374acf630183e8a7cf502a6f04148b01f3f2fa689b1f12,valid
EA1M811A,ECM,CAN,FORESTER 15MY N.America,2.5L NA MT U5,0x140000,f73e7c2477897a7a73fdb5dd7c36628bdd7b388b5607347205ac0fd5229a9f69,valid
EA1M811B,ECM,CAN,FORESTER 15MY N.America,"2.5L NA CVT U5,C5",0x140000,c301c8ea4e3156267e1e4b255229c51dfccea53c5de3ba50c02b2aa6daee9b31,valid
EA1T600C,ECM,CAN,IMPREZA 15MY N.America,"2.0L NA MT C5,U5",0x140000,9b4bb5424246909864907fc1ebfa7318e166c97a04abea37626ed8060ec6d747,valid
EA1T600A,ECM,CAN,IMPREZA 15MY N.America,"2.0L NA CVT C5,U5,C4",0x140000,d60639e430d73f4866e87b1608b9218744cdab338cb96c0d57d4ee20670268a4,valid
EA1T500U,ECM,CAN,FORESTER 16MY N.America,"2.5L NA MT C0,C4",0x140000,c1f3c44634fb016a714273a348de2981ef082434ae9cf0f2890f4f97ae37b323,valid
EA1T500V,ECM,CAN,FORESTER 16MY N.America,"2.5L NA CVT C0,C4",0x140000,2d6a1066f57ca940bf95987bc2be511ea00011fe74bb7b9c31449d448db99b4c,valid
EA1T500W,ECM,CAN,FORESTER 16MY N.America,2.5L NA MT U5,0x140000,96fdb120389424f07ac1bc083e6accc749a14db1ca51e0150ca44ba0351f036d,valid
EA1T500X,ECM,CAN,FORESTER 16MY N.America,"2.5L NA CVT U5,C5",0x140000,78aded7191261d2ab29582fb19f75c74ebcda297cfb2d42bfda4f7c8b795b37c,valid
EA1T600D,ECM,CAN,XV CROSSTREK 15MY N.America,"2.0L NA MT C5,U5,C4",0x140000,c25b108696bab449a07487bfdc8c149a6b8a88a24265807674d2e7711d5a126a,valid
EA1T600B,ECM,CAN,XV CROSSTREK 15MY N.America,"2.0L NA CVT C5,U5,C4",0x140000,40dca9241f9627564e51e65f3b0e54613508f080f67c574c16963763f7c49de3,valid
EM2H200E,ECM,CAN,XV CROSSTREK Hybrid 15MY N.America,"2.0L NA CVT C5,U5",0x140000,8e44ebb52bac59c8c715bbe7be8b254321d41771959423190dfc3e440bd85c29,valid
AE5T300V,ECM,can,WRX STI 16MY N.America,2.5L TURBO MT,0x100000,e0cdb30420c4a15aaed422994eece40e6f4e5115f2c9dbcde1466a3770e30367,valid
EA1U300C,ECM,CAN,IMPREZA 16MY N.America,"2.0L NA MT U5,C5",0x140000,50c3356d17299edf0f1dee1ace846f49a67b9912fe8f0d140c0221c271631787,valid
EA1U300A,ECM,CAN,IMPREZA 16MY N.America,"2.0L NA CVT U5,C5,C4",0x140000,9190b6df95dc336ee02a05ad332d2097829fa60a0a7be53a438b68d1457a1a72,valid
EA1U300D,ECM,CAN,Crosstrek 16MY N.America,"2.0L NA MT U5,C5,C4",0x140000,f39807cb25e0566525ece2f39714538692f5cf79348648bc9bd5322707fa3be3,valid
EA1U300B,ECM,CAN,Crosstrek 16MY N.America,"2.0L NA CVT U5,C5,C4",0x140000,576425cb5c46d76000e876f3526891cfd7af8b85b975d5ccc3992fde85020f2d,valid
EM2J100E,ECM,CAN,CROSSTREK Hybrid 16MY N.America,"2.0L NA CVT U5,C5",0x140000,d743890d12b52b823b8c2660b46fa49e7289961f2b30cca6a364edaaf0bf41c3,valid
EB4L100X,ECM,CAN,FORESTER 17MY N.America,"2.5L NA MT C5,C4",0x140000,0a498f4efd27880d04660f502eaa12b31e63d74a15c08054e8c0b95ee711eb5a,valid
EB4J340S,ECM,CAN,FORESTER 17MY N.America,"2.5L NA CVT C5,C4",0x140000,fc67223e7c2c042f9d8cfbe03e748b495756a3d12c8678cb99d8430c192ba3c8,valid
EB4L100W,ECM,CAN,FORESTER 17MY N.America,2.5L NA MT U5,0x140000,35c500413c83a364b3777318a9780e82070f5e63679afda6747a3be17ad44785,valid
EB4J340R,ECM,CAN,FORESTER 17MY N.America,2.5L NA CVT U5,0x140000,56a3f45ac4a922b0a931b934a2c2a9ad59b5eb0f35969d898ba2495f433bec26,valid
EB4I350A,ECM,CAN,N.America LEGACY/OUTBACK 16MY,2.5L NA MT C0,0x140000,9102800f82264289b6155038d344d59a06a7c91bfde7f9c3a3e66a80d25b118f,valid
EB4I350C,ECM,CAN,N.America LEGACY/OUTBACK 16MY,"2.5L NA CVT U5,C5",0x140000,e6fc3b8baf848cdd59d218091c65b9d49d879ea68998d8d3a7394c1865641bea,valid
EB4I350B,ECM,CAN,N.America LEGACY/OUTBACK 16MY,"2.5L NA CVT U6,C0",0x140000,dd288ff512b0d476dbd744e3ee6596277531add76951a858628972b7188dbbdc,valid
DB4I350D,ECM,CAN,N.America LEGACY/OUTBACK 16MY,"3.6L NA CVT U4,C0",0x140000,6203570178b7963bdf12162412b3178ab3d1dad0ae6a13a4a4484a325bf6e770,valid
XH3J2C1C,ECM,CAN,"17,18MY IMPREZA","2.0NA  5MT  AGS   C4,C5,U5",0x180000,f2de5bb25f24714d1c11fa8b888b495abae4fa00f96de496d2bc7d65d817a7d0,n/a(scheme)
XH3J2G0E,ECM,CAN,N.America CROSSTREK 18MY,"2.0L NA 6MT C4,C5,U5",0x180000,f7043747f25186aa5b8b7456a8b87e2d60d9fde18b098b2b4e07162e214b182f,n/a(scheme)
XH3J2G0F,ECM,CAN,N.America CROSSTREK 18MY,"2.0L NA CVT C4,C5,U5",0x180000,4e212f1ded1814b5a93cc6ebdf3856d396ff3fa7c7e61a38dbba5e09c9ff3ca3,n/a(scheme)
ZA1JK10C,ECM,CAN,N.AMERICA BRZ/FR-S 17MY,2.0L NA MT,0x140000,db5a414dd035b5c8385f60b90c0e86e072d8e1e854f3af6620447fe2b56c0e6f,valid
ZA1JK01D,ECM,CAN,N.AMERICA BRZ/FR-S 17MY,2.0L NA AT,0x140000,1a2e9f57ec075c27519bf40c304c57b1c2681f3fb761501b664aa5b5a897bc15,valid
EB4GH00c,ECM,CAN,N.America LEGACY/OUTBACK 15MY,"2.5L NA CVT U5,C5",0x140000,9368c926cb65c8f7c7ecbc6ff46e49105960a11566481348dfa27d50f0f91ad9,valid
AE5W200V,ECM,can,WRX STI 17MY N.America,2.5L TURBO MT,0x100000,146f6417c305cfe6742a849d3401c5a1ff5d2fd8ee4be157ed7cdb0b4f32d0a5,valid
DB4I550D,ECM,CAN,N.America LEGACY/OUTBACK 17MY,"3.6L NA CVT U4,C0",0x140000,f7d2ad4b9b79862660adef2d3525bf063edf7ee197e16e2fb54c7b7f77d67ae1,valid
EB4I550C,ECM,CAN,N.America LEGACY/OUTBACK 17MY,"2.5L NA CVT U5,C5",0x140000,2be533841acb47e1ca0396d3038b986c813bcb52ca48d15a12b03b5a23fe8ea0,valid
EB4I550A,ECM,CAN,N.America LEGACY/OUTBACK 17MY,2.5L NA MT C0,0x140000,4d56b3f88e4bcbc733bb6f298a185f77d0e876f216b742c659b66a787cf6a473,valid
EB4I550B,ECM,CAN,N.America LEGACY/OUTBACK 17MY,"2.5L NA CVT U6,C0",0x140000,3d1321ce482b528c18babc06835fdd0332eb2d951ceaecd8a04b791247989de4,valid
EA1Y200D,ECM,CAN,Crosstrek 17MY N.America,"2.0L NA MT U5,C5,C4",0x140000,ed6ad0cbd603e17373c131d0ddfc74fc0cd35015135bfbbd682ccd33f5320976,valid
EA1Y200B,ECM,CAN,Crosstrek 17MY N.America,"2.0L NA CVT U5,C5,C4",0x140000,7e3aeeddebc40b52d286d17e12faf657ad199b955a22fdbb8853d53bd4b26c74,valid
XH3J2C1A,ECM,CAN,"17,18MY IMPREZA","2.0NA  5MT  C5,U5",0x180000,f33d96ed3443cb35068540934055a4a1b71effe360411aee0133055da515f564,n/a(scheme)
EB4T700C,ECM,CAN,N.America LEGACY/OUTBACK 18MY,"2.5L NA CVT U5,C5",0x140000,cbb8652f04314128070b7f2ea618d4a52d74d4da574ea56e1a4546eab8c5392e,valid
DB4T700D,ECM,CAN,N.America LEGACY/OUTBACK 18MY,"3.6L NA CVT U4,C0",0x140000,c22fff611bb793f0fe8defa9babdcd14d83581e49c4a0a102ab8f10e01b00c50,valid
AE5Z120V,ECM,can,WRX STI 18MY N.America,2.5L TURBO MT,0x100000,4620033f9df058b910016b09a1a619e622da999868abb1180888c7c7e8aa1696,valid
EB4P020W,ECM,CAN,FORESTER 18MY N.America,"2.5L NA MT U5,C5,C4",0x140000,61e9c2ff36e10d2d52d04f1a3959d67211e78f8736ade1fcc2ccb3148fbaccde,valid
EB4S200R,ECM,CAN,FORESTER 18MY N.America,"2.5L NA CVT U5,C5,C4",0x140000,844a58b0415c2f4b83f8ae60f0b897fe98e7842e8f01920ae9a2c900d6e444f6,valid
XH3J2C0B,ECM,CAN,17MY IMPREZA,"2.0NA CVT C5,U5",0x180000,200ab42cea2fa15bc970ee33a23baa5ae4e6a7ddeb576c9709f7d3f53425997e,n/a(scheme)
XE1F900A,ECM,CAN,N.America FORESTER 19MY,"2.5L NA CVT U5,C5,C4",0x400000,8b0dd17b1bbe251b53dba780ff6ed8247004d7b0082c7c691416cc5c46089246,n/a(scheme)
ZA1JN20C,ECM,CAN,N.AMERICA BRZ/FR-S 18MY,2.0L NA MT,0x140000,acba76daa20080f7427c1dc859ab1bf8efbad923e509ab8e7a6b904d0fa80417,valid
ZA1JN11D,ECM,CAN,N.AMERICA BRZ/FR-S 18MY,2.0L NA AT,0x140000,3097ddff7a5f38a09ee2de4c9c192d34d52833f561b94445b0467fb257043626,valid
AE5Z120W,ECM,can,WRX STI 18MY N.America,2.5L TURBO MT Type RA,0x100000,1e1c13e96b29ad273623d4f37c73f32f6685310891d643dd54692cdcb3c5784e,valid
XH3JD00D,ECM,CAN,N.America IMPREZA 18MY,"2.0L NA CVT AGS  C4,C5,U5",0x180000,300ab22d1ef85a905bb14c7f147bc5dce55416e01a7873f08ec954d887e43ccf,n/a(scheme)
XHVK402A,ECM,CAN,CROSSTREK Hybrid 19MY N.America,2.0L NA CVT,0x400000,35a086cc8fc3db8f83a961d7b2886b0a7b9b01a6905080ac0e6d6d42b793b1e6,n/a(scheme)
AE5Z330V,ECM,can,WRX STI 19MY N.America,2.5L TURBO MT,0x100000,3c02a69e980b0d72e0605f7ec8eb61b0cdc7c6911475d6bc86cd983073fd876c,valid
XH3NA00C,ECM,CAN,N.America IMPREZA 19MY,"2.0L NA 5MT AGS C5,U5",0x180000,65485bab6341b8cfdccfedc74d659d3d6018714c24d03dcf6e1799268ad9c892,n/a(scheme)
XH3NA00A,ECM,CAN,N.America IMPREZA 19MY,"2.0L NA 5MT C4,C5,U5",0x180000,23e57b5c6fb9bc0558d882bbc105fb7c9c12eb9f19eb522e29f0256723fe261b,n/a(scheme)
XH3NA00D,ECM,CAN,N.America IMPREZA 19MY,"2.0L NA CVT AGS C4,C5,U5",0x180000,f2f96c7af390914fae7e3ebee85f57deb47b96adebe3a137510df7392c974a19,n/a(scheme)
XH3NA00B,ECM,CAN,N.America IMPREZA 19MY,"2.0L NA CVT C4,C5,U5",0x180000,5c3e18738cdd7afd90b9aa95a794a91335ecd9f9fe7f74a2e4dcb097c6c0a886,n/a(scheme)
XH3NA00E,ECM,CAN,N.America CROSSTREK 19MY,"2.0L NA 6MT C4,C5,U5",0x180000,d090098cdbc0c3cadb2ef92c821e0538da3a7aa4ddbece8b6350f928d3a01323,n/a(scheme)
XH3NA00F,ECM,CAN,N.America CROSSTREK 19MY,"2.0L NA CVT C4,C5,U5",0x180000,b9137dde2c02bca9a107767132f8e71c6b8e7840fc067e829f44137460d5b4d1,n/a(scheme)
EB4V900C,ECM,CAN,N.America LEGACY/OUTBACK 19MY,"2.5L NA CVT U5,C5",0x140000,3e400839366a1feb6ab726011306d245f1fa2acc165581152779ab911db38dc9,valid
DB4V900D,ECM,CAN,N.America LEGACY/OUTBACK 19MY,"3.6L NA CVT U4,C0",0x140000,a381772550093c61d1249f2222fe52bccd7816552a40e0567db6bc6637ba395e,valid
ZA1JS10C,ECM,CAN,N.AMERICA BRZ/FR-S 19MY,2.0L NA MT,0x140000,662f37268a050466051559b3ed13e296b57cf83753891405c10ebd7b4b16dc76,valid
ZA1JS01D,ECM,CAN,N.AMERICA BRZ/FR-S 19MY,2.0L NA AT,0x140000,ed6757fdab9b21f0c162f51402b2e0ae78436ce33ffabcfb6995f23769560c80,valid
XE1M501a00G,ECM,CAN,N.America FORESTER 20MY,"2.5L NA CVT U5,C5,C4",0x400000,d21326eec243630ea927022844033385071294f062c0eefd8e145d3f6025f905,n/a(scheme)
AE5Z510V00G,ECM,can,WRX STI 20MY N.America,2.5L TURBO MT,0x100000,3bb28a5d8cc456289a3a8c93908a06240be4615a9ba41afc024d1fc233768b3a,valid
XHVN103A00G,ECM,CAN,CROSSTREK Hybrid 20MY N.America,2.0L NA CVT,0x400000,65d0b3da816cb1625202499271e2cd0588894966dd3c94db46228ecb741d2e0d,n/a(scheme)
XE1M500E00G,ECM,CAN,N.America CROSSTREK 20MY,"2.0L NA 6MT C4,C5,U5",0x400000,d4f29491915503144f1cdc86a806028593304bc0e5016df8aa7d265431cdeb73,n/a(scheme)
XE1M500F00G,ECM,CAN,N.America CROSSTREK 20MY,"2.0L NA CVT C4,C5,U5",0x400000,e643219a03c0d6253ce1e203ddddd2728b63c11b9b15108ac02409dad5e16bd7,n/a(scheme)
XE1M500C00G,ECM,CAN,N.America IMPREZA 20MY,"2.0L NA 5MT AGS C5,U5",0x400000,a587cfa0be7a1b7b400fb03d49a39c4e94d84ddc78a1e7fd8fb69fe110df3d7d,n/a(scheme)
XE1M500A00G,ECM,CAN,N.America IMPREZA 20MY,"2.0L NA 5MT C4,C5,U5",0x400000,88da37b2ea4859cb01ffd15d58837e7920ca790c5e8f4222daf833d0ee8b61d5,n/a(scheme)
XE1M500D00G,ECM,CAN,N.America IMPREZA 20MY,"2.0L NA CVT AGS C4,C5,U5",0x400000,9007e80178e55568eb5feb9a0dde643195947e622f477f5c3a19a6911ec886d3,n/a(scheme)
XE1M500B00G,ECM,CAN,N.America IMPREZA 20MY,"2.0L NA CVT C4,C5,U5",0x400000,98189e91b96aabbf068bee1f4eb6e4edfa3bab798a1cea6718aa246090c08ff3,n/a(scheme)
ZA1JV01D00G,ECM,CAN,N.AMERICA BRZ/FR-S 20MY,2.0L NA AT,0x140000,ca22ee77ed996cfc1df05ab9d4e80a36a4c755bc77009e7a1e49e7032c32176d,valid
XE1P502G00G,ECM,CAN,N.America CROSSTREK 21MY,"2.5L NA CVT C5,U5",0x400000,7c8a6b28f00e3aa49dd048e314ef84caff5733e4f4ed6a0812ce998f00b5fcdd,n/a(scheme)
XE1P500C00G,ECM,CAN,N.America IMPREZA 21MY,"2.0L NA 5MT AGS C5,U5",0x400000,98e00fd1ec085f3376a6e4b4f233a89c901e83e8d5d35acc683992fc787ce314,n/a(scheme)
XE1P500A00G,ECM,CAN,N.America IMPREZA 21MY,"2.0L NA 5MT C5,U5",0x400000,8dc287d3f9d11a6f0c0a73eb3f49060943a864d5815e3e7271cb441bd34450e5,n/a(scheme)
XE1P500D00G,ECM,CAN,N.America IMPREZA 21MY,"2.0L NA CVT AGS C4,C5,U5",0x400000,f95d41ce1d6ad107c09f532b4342d11bfb04f8dbb6ee8b13eec11ef766d37229,n/a(scheme)
XE1P500B00G,ECM,CAN,N.America IMPREZA 21MY,"2.0L NA CVT C5,U5",0x400000,f3f12fc6b27fff23213cfffa37d6f1f041e5f83add202ea7a31e34041a6822b9,n/a(scheme)
XE1P500E00G,ECM,CAN,N.America CROSSTREK 21MY,"2.0L NA 6MT C4,C5,U5",0x400000,a3eed0696ce58c3265e1118b2014479c8edd7a63666f99df6b7cc203112945e4,n/a(scheme)
XE1P500F00G,ECM,CAN,N.America CROSSTREK 21MY,"2.0L NA CVT C4,C5,U5",0x400000,e9ade7c6e8c50091413e7660aeb7cb771c56e64e242f4bb5a515d32fbb9d2d73,n/a(scheme)
XE1R201a00G,ECM,CAN,N.America FORESTER 22MY,2.5L NA CVT C4,0x400000,4ed159d55991bfa94f914c0a83ad0288edc15803c54a67d0216b0ede58629cd9,n/a(scheme)
XE1R201k00G,ECM,CAN,N.America FORESTER 22MY,"2.5L NA CVTU5,C5,C4",0x400000,2b23e860aaff81cda45cf2bb7d35bdefc3efd24f6096d5182b1c32ae73ee4cbf,n/a(scheme)
XE1R201z00G,ECM,CAN,N.America FORESTER 22MY,"2.5L NA CVT U5,C5",0x400000,516644353aeb565f73dd045d6ba26149cd67d0f96ff485b1649a98c51f194eb8,n/a(scheme)
XE1P501a00G,ECM,CAN,N.America FORESTER 21MY,"2.5L NA CVT U5,C5,C4",0x400000,e0d0a8574e634f649e1f1c86f156d1eb54b46b94098ec508a475e632839561d1,n/a(scheme)
XE1R200C00G,ECM,CAN,N.America IMPREZA 22MY,"2.0L NA 5MT AGS C5,U5",0x400000,cf658b8dc4ad1996fc926588c6e67358c85c1e1ecb894c1d187017c753009b1f,n/a(scheme)
XE1R200A00G,ECM,CAN,N.America IMPREZA 22MY,"2.0L NA 5MT C5,U5",0x400000,50f486e9682fac4a8cf7d80388786d1d84688452a942bc1ed3e7df86e00ec9e0,n/a(scheme)
XE1R200D00G,ECM,CAN,N.America IMPREZA 22MY,"2.0L NA CVT AGS C5,U5",0x400000,f263b843a7ab7224ceb6f2e58f4cb9bcaaacf99f64389b8bfbac7aeea6fa2bbf,n/a(scheme)
XE1R200B00G,ECM,CAN,N.America IMPREZA 22MY,"2.0L NA CVT C5,U5",0x400000,3c8b5591b642eeea6b577741640398fdded269c022d3ca805706bc3103af62f3,n/a(scheme)
XE1R200E00G,ECM,CAN,N.America CROSSTREK 22MY,"2.0L NA 6MT C4,C5,U5",0x400000,2bcd166810de22843011bb3fe033fd8f345ffd2e533eb283ef8a6b1e280c489e,n/a(scheme)
XE1R200F00G,ECM,CAN,N.America CROSSTREK 22MY,"2.0L NA CVT C4,C5,U5",0x400000,b315fd5b5ef6c0e7d92a12e7be4f1ec795ecf00c438526b5443cada5c664288f,n/a(scheme)
XE1R202G00G,ECM,CAN,N.America CROSSTREK 22MY,"2.5L NA CVT C5,U5",0x400000,16bebf05d8ad842a7acf539ecb5cb8b43064edeb918137afa90e52568044d99d,n/a(scheme)
XE1W011G00G,ECM,CAN,N.America CROSSTREK 23MY,"2.5L NA CVT C5,U5",0x400000,8340552c93a1ea1abe6bad5ff16aafd186aca4fc167252919761d886bd22d41e,n/a(scheme)
XH3J2G0C,ECM,CAN,N.America IMPREZA 17MY,"2.0L NA  5MT  AGS   C4,C5,U5",0x180000,e6f47b5ab5253b1888bef4c50d7856980f899f6192ffeff0097f783f43502500,n/a(scheme)
XH3J2G0D,ECM,CAN,N.America IMPREZA 17MY,"2.0L NA CVT AGS  C4,C5,U5",0x180000,a96de77ed86174d585c4e30c32f2a200371e209a6b84e1427d3939517e821186,n/a(scheme)
XH3J2G0A,ECM,CAN,N.America IMPREZA 17MY,"2.0L NA 5MT C5,U5",0x180000,925c5027f4e8b871d94561bd4e6d1189c134dd1656daf4fca110eb7f7ee2628e,n/a(scheme)
XH3J2G0B,ECM,CAN,N.America IMPREZA 17MY,"2.0L NA CVT C5,U5",0x180000,bb405a6343d8d2864140840a5e1bc17c7f8e2b163659e70dcfe28c4cfd1d2b38,n/a(scheme)
W700H_enc,DMCM,CAN,Crosstrek Hybrid 14MY N.America,2.0i,,,
W728C_enc,DMCM,CAN,Crosstrek Hybrid 15A16MY N.America,2.0i,,,
EZFB2WB358S_FCAN,TCM,CAN,N.AMERICA LEGACY 13MY,3.6L DO NA 5AT SEDAN,0x100000,327e367cb90b7658bc0a350d2a0ebeba96ad94b944ccd14e4bd82f84134b25d3,valid
EZFB2OB358S_FCAN,TCM,CAN,N.AMERICA LEGACY 13MY,3.6L DO NA 5AT OBK,0x100000,dc81babb33001127be6fe53b8bd55c91968a8c6dcb3b786c3676b9331aa1e730,valid
25FE2WB558S_FCAN,TCM,can,N.AMERICA LEGACY 08MY/09MY,2.5L TURBO SEDAN 5AT FED/CAL,0x100000,b964f917da88550950d8e9b8fc089e6c63ef9d4d4aba2febfdf261218f16f2fc,valid
25FE2OB558S_FCAN,TCM,can,N.AMERICA OUTBACK 08MY/09MY,2.5L TURBO WAGON 5AT FED/CAL,0x100000,75d7d9da44e7f1bcbde9cd10da51a660cee674624d6bd795efde43917e90e281,valid
25F02OB558S_FCAN,TCM,can,N.AMERICA OUTBACK 08MY/09MY,3.0L NA WAGON 5AT FED/CAL,0x100000,139aaa6578134094ffd886843f80f13dc84ba45c5e8011cfd5fe3a38468323dc,valid
25F0AWB558S_FCAN,TCM,can,N.AMERICA LEGACY 08MY/09MY,3.0L NA SEDAN 5AT FED/CAL,0x100000,6ea9cfce030b44b020b9bbd42c13f9f7c78e923551dda92b3230294266f845cd,valid
02FB2WB558S_FCAN,TCM,can,N.AMERICA TRIBECA 08/09MY,3.6L NA 5AT FED/CAL,0x100000,67e07602ba6617eab00bfbe9a7222e964c07f803b4176f480a33568d1e7f12c7,valid
Z5F3E08300chg,TCM,CAN,"N. America
LEGACY 10MY",2.5L NA CVT,0x80000,e5d18064fe2c92a784175b7937e79e13f6b85396c6d9b07a48645b75e8e47802,CHECK(0/0)
Z5F3E18300chg,TCM,CAN,"N. America
OUTBACK 10MY",2.5L NA CVT,0x80000,bc7d15be56c93e8a9bedc4dfdad826bf8dfc922286dc7ff9b2f2449a8930415a,CHECK(0/0)
04FB2WB358S_FCAN,TCM,CAN,N.AMERICA TRIBECCA 13MY,3.6L DO NA 5AT,0x100000,c23f92402727811c14f27f5df190b691a1dff117d3922f1dd0b4431fb52fbd4d,valid
PDF26WB0,TCM,CAN,N.AMERICA FORESTER 11MY,2.5L NA WAGON AT,0x80000,e0f30e7a171b9b2606be2004c3a93bea696cc6d525c79f4bb4aa45901653487b,CHECK(0/0)
Y6F3E08200chg,TCM,CAN,"N. America
LEGACY 11MY",2.5L NA CVT,0x80000,1e4e4cd32955046b492ab235cde079580c22d9577435607e40fdd185ae244379,CHECK(0/0)
Y6F3E18200chg,TCM,CAN,"N. America
OUTBACK 11MY",2.5L NA CVT,0x80000,163ce4735ee2037e76403e2e2598e42e1e1f0e65ad3c96c4c0c36bcac1a6b827,CHECK(0/0)
PDFE6WB0,TCM,CAN,N.AMERICA FORESTER 11MY,2.5L TURBO WAGON AT,0x80000,ee219485b5ba1a08d0f42cc7d087514f50438cbf1ff1bee4ae529e35b4afdc00,CHECK(0/0)
F1F5D88200Cchg,TCM,CAN,N.AMERICA IMPREZA 12MY,2.0L NA CAL•FED CVT model without paddle shift,0x100000,deceac0a9b8a96404335167bbd6541855510cb985e3c216a4586a54b24f20ce8,CHECK(0/0)
F1F5F88200Cchg,TCM,CAN,N.AMERICA IMPREZA 12MY,2.0L NA CAL•FED CVT model with paddle shift,0x100000,0bd59d4dbf5c10599584512b25e2e6198b5d3b8275cfecdbe2dfde2089421e8a,CHECK(0/0)
X7F3E08000chg,TCM,CAN,N.AMERICA LEGACY 12MY,2.5L NA CVT,0x80000,f4b5d9b7aee655ea3d533dced91279cecc63b839fd8d0ba061639636191f82f0,CHECK(0/0)
X7F3E18000chg,TCM,CAN,N.AMERICA LEGACY 12MY,2.5L NA CVT OUTBACK,0x80000,97d3cda1ba919e3512ee88223a14c180fbaffb8c16498bafda081f7c5e69f310,CHECK(0/0)
F4F2008200chg,TCM,CAN,"LEGACY 15MY 
N.America",2.5i,0x180000,e2c28f5ab5986cedf842e2c5b6523a04baf8c19be7b4326135d449f1006a2fd9,n/a(scheme)
F4F2408200chg,TCM,CAN,"OUTBACK 15MY 
N.America",2.5i,0x180000,1064b6859434aa66752ab9e10beafbb2f73f14be234016b54a02dcc2376c0d4f,n/a(scheme)
F4FBC08000chg,TCM,CAN,N.AMERICA LEGACY 15MY,3.6L NA CVT SEDAN,0x180000,4ea7b2b3ef17861a88e60e82843f8526d59a005c6f7c250882e66abe16cf8a4c,n/a(scheme)
F4FBE08000chg,TCM,CAN,N.AMERICA LEGACY 15MY,3.6L NA CVT OUTBACK,0x180000,7478f2d892405f66d56cd90b34106e933e8092534f3ce5fd1f5ecc4c80736764,n/a(scheme)
L9FDD08100chg,TCM,CAN,"N. America
WRX 15MY",2.0L DIT CVT,0x180000,3469c75b91bf5002154c6b085789ef1a25d5e0950268e53ac4f1c2838d4908d4,n/a(scheme)
L6F2C88000Cchg,TCM,CAN,N.AMERICA FORESTER 15MY,2.5L NA CVT model without paddle shift,0x100000,2b593877e68c3e3219b6708211eca47ad60c0898a4b775e554ac25019aca09c2,CHECK(0/0)
L6F2E88000Cchg,TCM,CAN,N.AMERICA FORESTER 15MY,2.5L NA CVT model with paddle shift,0x100000,b96dadb5a8949fce7e045d3b9a1e939eb6f837c86e56553e40d032ca58efb47c,CHECK(0/0)
L6FDB88000chg,TCM,CAN,N.AMERICA FORESTER 15MY,2.0L DIT CVT,0x100000,f64a8572e0daec0c72358176ed6e8ca5315b0baca4628975345f67bb60519f6d,CHECK(0/0)
C4FA408200chg,TCM,CAN,"Crosstrek Hybrid 15MY
N.America",2.0i,0x100000,a8f9aa3c7ee13ded328ed86bcc1aa48a14b823771a35bbd1d0c1a5b81d11e6da,CHECK(0/0)
C4FA408200chg,TCM,CAN,"Crosstrek Hybrid 15MY
N.America",2.0i,0x100000,a8f9aa3c7ee13ded328ed86bcc1aa48a14b823771a35bbd1d0c1a5b81d11e6da,CHECK(0/0)
C4FA408200chg,TCM,CAN,"Crosstrek Hybrid 15MY
N.America",2.0i,0x100000,a8f9aa3c7ee13ded328ed86bcc1aa48a14b823771a35bbd1d0c1a5b81d11e6da,CHECK(0/0)
C4F5208000chg,TCM,CAN,N.AMERICA IMPREZA 15MY,2.0L NA  CAL•FED CVT model without paddle shift,0x180000,b8063e6cd3680549f7cbb24882b7d9b1d3b8ccce9a0100ea1040445dba536984,n/a(scheme)
C4F5008000chg,TCM,CAN,N.AMERICA IMPREZA 15MY,2.0L NA CAL•FED CVT model with paddle shift,0x180000,c8ed0b5ede1fe26cfa86882df5b9d4169c0907298e28ac3392254e8ea0a2aee8,n/a(scheme)
C4F5408000chg,TCM,CAN,N.AMERICA XV CROSSTREK 15MY,2.0L NA CAL•FED CVT model with paddle shift,0x180000,c24c857a571def7aa4f06d859d634c49a8614cf8bce0daeed24009f5c360a047,n/a(scheme)
K1FDD08000chg,TCM,CAN,"N. America
WRX 16MY",2.0L DIT CVT,0x180000,3e7d0ba33c3c5cefb6264d7b7f74f84155dd0d6d95ccc75a1e28dfe220500bf1,n/a(scheme)
B5FA408100chg,TCM,CAN,"Crosstrek Hybrid 16MY
N.America",2.0i,0x100000,5104fdeb07dd07df9cdefc5037c444b6566aa93a2c3eab6adbb50a72be7f5580,CHECK(0/0)
B5FA408100chg,TCM,CAN,"Crosstrek Hybrid 16MY
N.America",2.0i,0x100000,5104fdeb07dd07df9cdefc5037c444b6566aa93a2c3eab6adbb50a72be7f5580,CHECK(0/0)
J8F2608000chg,TCM,CAN,"FORESTER 16MY 
N.America@U5,C5",2.5i,0x180000,09df8d393161270f9e6b0f40a574bbf6333dfedd9d0b30183ef7bcfd1c7cdb8d,n/a(scheme)
J8F2408000chg,TCM,CAN,"FORESTER 16MY 
N.America@C5,C4",2.5i,0x180000,723fbf61e538d7a5f262df2449a641c37d7269fe74803fcb994d7d632694cc6d,n/a(scheme)
J8FDE08000chg,TCM,CAN,"FORESTER 16MY 
U4,C0,C4",XT,0x180000,e0d8d4e1903516737527b08a49fa22faa272767b1096b3dc8771636a93907e22,n/a(scheme)
E5F2008100chg,TCM,CAN,"LEGACY 16MY 
N.America",2.5i,0x180000,d920e88c71937db5b8cf4e5d639fd1d08e341fdc392f89cd09e3f35db92f9f9e,n/a(scheme)
E5F2408100chg,TCM,CAN,"OUTBACK 16MY 
N.America",2.5i,0x180000,fd09d7ac27bd58252acc49ecd3021174191ce5254b23b42c379255759b8e3a95,n/a(scheme)
R3F5270000chg,TCM,CAN,"IMPREZA 17MY N.America U5,C5",2.0NA CVT without paddle shift,0x180000,6901e9cbe1fd445a105349fda40b427a53ed6e3f9e30388b0b175b04004f52fe,n/a(scheme)
R3F5470000chg,TCM,CAN,"Crosstrek 18MY
N.America","2.0L DOHC NA CVT
with paddle shift",0x180000,78e8327b12f3de14091060c2d471aef78ab9b11ab49978930cde3cbbe42102cb,n/a(scheme)
R3F5470000chg,TCM,CAN,"Crosstrek 18MY
N.America","2.0L DOHC NA CVT
with paddle shift",0x180000,78e8327b12f3de14091060c2d471aef78ab9b11ab49978930cde3cbbe42102cb,n/a(scheme)
R3F5070000chg,TCM,CAN,"IMPREZA 17MY N.America U5,C5,C4",2.0NA CVT with paddle shift,0x180000,75e9b14bcfacd0f65a2379e94c988d4274d2faef070ad9bc5c9b2fe242fc05bf,n/a(scheme)
R3F5670000chg,TCM,CAN,"Crosstrek 18MY
N.America","2.0L DOHC NA CVT
without paddle shift",0x180000,81d92e7bfec9bea46391329d21ee105a89102295993902b34bfa9ecd97eea0dc,n/a(scheme)
R3F5670000chg,TCM,CAN,"Crosstrek 18MY
N.America","2.0L DOHC NA CVT
without paddle shift",0x180000,81d92e7bfec9bea46391329d21ee105a89102295993902b34bfa9ecd97eea0dc,n/a(scheme)
D6F2008000chg,TCM,CAN,"LEGACY 17MY 
N.America",2.5i,0x180000,5caaec4714ac0aa382943b7eabf488579c0613ab9e64839fd0643c71d4e1a16e,n/a(scheme)
D6F2408100chg,TCM,CAN,"OUTBACK 17MY 
N.America",2.5i,0x180000,58121e4a0a70deb45c57117e371a5ff3fc544feccefe861fcd061a9119037a15,n/a(scheme)
D6FBE08000chg,TCM,CAN,"OUTBACK 17MY 
N.America",3.6i H6,0x180000,c50a221661cba7e9eda25956142340bf96f0ee309e2edd168b3f543363993266,n/a(scheme)
C7F2008100chg,TCM,CAN,"Legacy 18MY
N.America","2.5L DOHC NA CVT
with paddle shift",0x180000,1f5d46753ea34d0245bd0d2a4ea9a5cbf3246f1d9493abcc0d94d582af831f99,n/a(scheme)
C7F2008100chg,TCM,CAN,"Legacy 18MY
N.America","2.5L DOHC NA CVT
with paddle shift",0x180000,1f5d46753ea34d0245bd0d2a4ea9a5cbf3246f1d9493abcc0d94d582af831f99,n/a(scheme)
C7F2408100chg,TCM,CAN,"Outback 18MY
N.America","2.5L DOHC NA CVT
with paddle shift",0x180000,f5b077614a90fa58efaf88bceb48f7f56f91d183b6ac2c5f803bbd9a4d19dd9e,n/a(scheme)
C7F2408100chg,TCM,CAN,"Outback 18MY
N.America","2.5L DOHC NA CVT
with paddle shift",0x180000,f5b077614a90fa58efaf88bceb48f7f56f91d183b6ac2c5f803bbd9a4d19dd9e,n/a(scheme)
C7FBC08000chg,TCM,CAN,"Legacy 18MY
N.America","3.6L DOHC NA CVT
with paddle shift",0x180000,ce4660815221607ad372eec743077a0a3beb6cb2f409d3966714ada2187ac010,n/a(scheme)
C7FBE08000chg,TCM,CAN,"Outback 18MY
N.America","3.6L DOHC NA CVT
with paddle shift",0x180000,b4718d73fd385f44c700b34222269513b40499ee9b2df6d3f9389cb8a46aea5c,n/a(scheme)
H3FDD08000chg,TCM,CAN,"WRX 18MY
N.America","2.0L DOHC DIB CVT
with paddle shift",0x180000,973e7e43d345e7a40fc2879f41e1ab0673d8bc48ba5147355345496347a2f5c6,n/a(scheme)
H9F2608100chg,TCM,CAN,"Forester 18MY
N.America","2.5L DOHC NA CVT
without paddle shift",0x180000,ecaf0d565b650ff0dffac5e49680e0e266d7cba8cabab53c5a49399619ba03d4,n/a(scheme)
H9F2608100chg,TCM,CAN,"Forester 18MY
N.America","2.5L DOHC NA CVT
without paddle shift",0x180000,ecaf0d565b650ff0dffac5e49680e0e266d7cba8cabab53c5a49399619ba03d4,n/a(scheme)
H9F2408100chg,TCM,CAN,"Forester 18MY
N.America","2.5L DOHC NA CVT
with paddle shift",0x180000,8a166dbc87d767caf4c4048b89f0e826c0fcd08a1c190cac2bddcba37a5d0165,n/a(scheme)
H9F2408100chg,TCM,CAN,"Forester 18MY
N.America","2.5L DOHC NA CVT
with paddle shift",0x180000,8a166dbc87d767caf4c4048b89f0e826c0fcd08a1c190cac2bddcba37a5d0165,n/a(scheme)
H9FDE08000chg,TCM,CAN,"Forester 18MY
N.America","2.0L DOHC DIB CVT
with paddle shift",0x180000,2665ef0f4c3672e646d5b2ff6a5a50bd19123c78c62fe7cbaca3e17be452b931,n/a(scheme)
R8FEE90000,TCM,can,ASCENT 19MY N.America,2.4L DIT CVT without CVTF cooler (air cool),0x200000,ed7f2ad535d18872e96d7243e88a2f38f486d188cc858b72f54def071f843682,n/a(scheme)
R8FEF90000,TCM,can,ASCENT 19MY N.America,2.4L DIT CVT with CVTF cooler (air cool),0x200000,df073126f46ac7c547f26db3ba12d3f562841eb890fbe41b6d59152ac1bdb572,n/a(scheme)
Q4F5270000chg,TCM,CAN,"Impreza 18MY
N.America","2.0L DOHC NA CVT
without paddle shift",0x180000,afcd6b62a447e77cb51360879b44b00a2dbbb7f9e30a0530b04d537db7c8986f,n/a(scheme)
Q4F5270000chg,TCM,CAN,"Impreza 18MY
N.America","2.0L DOHC NA CVT
without paddle shift",0x180000,afcd6b62a447e77cb51360879b44b00a2dbbb7f9e30a0530b04d537db7c8986f,n/a(scheme)
Q4F5070000chg,TCM,CAN,"Impreza 18MY
N.America","2.0L DOHC NA CVT
with paddle shift",0x180000,efc25b27ceffec31c24c6db96df20eccc2d666e1ce7dc0b5c6b3599e15743863,n/a(scheme)
Q4F5070000chg,TCM,CAN,"Impreza 18MY
N.America","2.0L DOHC NA CVT
with paddle shift",0x180000,efc25b27ceffec31c24c6db96df20eccc2d666e1ce7dc0b5c6b3599e15743863,n/a(scheme)
F5FDD08000chg,TCM,CAN,WRX 20MY N.America,2.0L DIT CVT,0x180000,b6854d812c349bec9cf24e0178067335c1a97afa0af74e113d8e23b0a4b76ac8,n/a(scheme)
8305061_ENC,TCM,CAN,BRZ,6AT,,,
21F36WB0,TCM,J2534,N.AMERICA LEGACY 05MY,2.5L NA 4AT SEDAN/WAGON FED NORMAL-HEIGHT,0x80000,31c31176d5f7ba28bad88557d334893f07c999dd9eef8e697e2cef667a180cfe,CHECK(0/0)
21F36OB0,TCM,J2534,N.AMERICA LEGACY 05MY,2.5L NA 4AT SEDAN/WAGON FED OBK,0x80000,6215da445149ee351c07dd53230959eeb151d63af5f8e5471f3d678663db8e82,CHECK(0/0)
21F36WB0,TCM,J2534,N.AMERICA LEGACY 05MY,2.5L NA 4AT SEDAN/WAGON CAL NORMAL-HEIGHT,0x80000,31c31176d5f7ba28bad88557d334893f07c999dd9eef8e697e2cef667a180cfe,CHECK(0/0)
21F36OB0,TCM,J2534,N.AMERICA LEGACY 05MY,2.5L NA 4AT SEDAN/WAGON CAL OBK,0x80000,6215da445149ee351c07dd53230959eeb151d63af5f8e5471f3d678663db8e82,CHECK(0/0)
86F37WB0,TCM,J2534,N.AMERICA FORESTER 05MY,2.5L NA 4AT WAGON FED•CAL,0x80000,236239d340c31f4c587d3196c57846b171f4ed609952d073355dce1650baa7ef,CHECK(0/0)
47F37WB0,TCM,J2534,N.AMERICA IMPREZA 05MY,2.5L NA 4AT SEDAN/WAGON FED•CAL,0x80000,676e404e70d7bfb7000385872d47797e008fc4c3ffc336ff7298717d50ff059c,CHECK(0/0)
DV02_REPchg2,BIU,CAN,xxx,xxx,,,
DF105742_SKE_REPchg2,BIU,CAN,xxx,xxx,,,
DV01_REPchg2,BIU,CAN,xxx,xxx,,,
DF105742_RKE_REPchg2,BIU,CAN,xxx,xxx,,,
DV01_REPchg2,BIU,CAN,xxx,xxx,,,
DF105742_RKE_REPchg2,BIU,CAN,xxx,xxx,,,
DF106306_SKE_REPchg2,BIU,CAN,xxx,xxx,,,
DF106306_RKE_REPchg2,BIU,CAN,xxx,xxx,,,
DF106306_RKE_REPchg2,BIU,CAN,xxx,xxx,,,
M32_Appli_ver530B0700_private,CAMERA,CAN,LEGACY,EyeSight,,,
SH4_Appli_ver490B0600_private,CAMERA,CAN,LEGACY,EyeSight,,,
M32_Appli_ver53120400_private,CAMERA,CAN,LEGACY,EyeSight,,,
SH4_Appli_ver490D0600_private,CAMERA,CAN,LEGACY,EyeSight,,,
SH2A_appli_ver000064E4_private,CAMERA,CAN,14MY_LEGACY,EyeSight,,,
SH4A_Appli_ver1F401012_private,CAMERA,CAN,14MY_LEGACY,EyeSight,,,
SH2A_appli_ver000064E6_private,CAMERA,CAN,14MY_Impreza,EyeSight,,,
SH4A_Appli_ver1F401013_private,CAMERA,CAN,14MY_Impreza,EyeSight,,,
SH2A_appli_ver00006464_private_32E7,CAMERA,CAN,18MY_XV,EyeSight,,,
SH4A_Appli_ver1F40200E_private,CAMERA,CAN,18MY_XV,EyeSight,,,
SH2A_appli_ver000063B1_private,CAMERA,CAN,Levorg/WRX,EyeSight,,,
SH4A_Appli_ver1F401015_private,CAMERA,CAN,Levorg/WRX,EyeSight,,,
DU66REPchg2,BIU,CAN,xxx,xxx,,,
DU66REPchg2,BIU,CAN,xxx,xxx,,,
DU66REPchg2,BIU,CAN,xxx,xxx,,,
DU66REPchg2,BIU,CAN,xxx,xxx,,,
R8FEE80040,TCM,can,ASCENT 19MY N.America,2.4L DIT CVT without CVTF cooler (air cool),0x200000,c1dbc4e6fd97da00cdbec06a0850c8b00dcfc5a0ee289fae058cc6e4bb582af2,n/a(scheme)
R8FEF80040,TCM,can,ASCENT 19MY N.America,2.4L DIT CVT with CVTF cooler (air cool),0x200000,2f0646a125e2aa4c018a2348879ad0afa832ab024ba67595121a6311fdddb7d1,n/a(scheme)
A4TF510F,ECM,J2534,N.AMERICA  Impreza 04MY,2.0L TURBO MT-Only NORMAL FED&CAL,0x30000,8cf4e845c29a0cd3ec82cedb90c640f1a5676d475cb954e8228ee6c21653b066,n/a(scheme)
A4TF510E,ECM,J2534,N.AMERICA  Impreza 04MY,2.0L TURBO AT-Only NORMAL FED&CAL,0x30000,c258cb781b75483febc87f2d1bf2825b013a553fe6df506e3e420c0e264f6d6b,n/a(scheme)
A2ZJ710J,ECM,J2534,N.AMERICA  Impreza 04MY Sti,2.0L TURBO MT-Only NORMAL FED&CAL,0x80000,84f395e0e56cf9f46ea0d7a38b6389911fceb8fa7a051d0bae17224f81d46802,valid
A2WC500L,ECM,J2534,N.AMERICA Baja 05MY,2.5L TURBO MT FED&CAL,0x100000,1e146e17e096b67837d1a496549f8b71758fb94f1924b5ce5f43c168f4abfd6e,valid
A2WC500K,ECM,J2534,N.AMERICA Baja 05MY,2.5L TURBO AT FED&CAL,0x100000,a9e56d65f84cdbf924bc2f98996850833e70600cb8097706474a208be404bae1,valid
AD3A104D,ECM,J2534,N.AMERICA Baja 05MY,2.5L TURBO MT FED&CAL,0x28000,31214d67edd00400aa73db677df592971174edbc47b43cac40b3189b153c41d3,n/a(scheme)
AD3A104D,ECM,J2534,N.AMERICA Baja 05MY,2.5L TURBO AT FED&CAL,0x28000,31214d67edd00400aa73db677df592971174edbc47b43cac40b3189b153c41d3,n/a(scheme)
A2ZJ211D,ECM,J2534,N.AMERICA  Forester 04MY,2.5L TURBO AT FED&CAL,0x80000,85c8c94956c3580695d8eee663eefc0e7830f7fe3a5d65b5f7b041c8396bb934,valid
A2ZJ511I,ECM,J2534,N.AMERICA  Forester 04MY,2.5L TURBO MT FED&CAL,0x80000,fdb08a51b058df2407ee6d93534eefa14bd86128b8fb6e5f04c05b7f92e46f70,valid
A2WC412D,ECM,J2534,N.AMERICA  Forester 05MY,2.5L TURBO AT FED&CAL,0x100000,2b2d175345d229c0cdf8788d4f3c19dfb0cd373188c1487356190ca49ed73497,valid
A2WC412I,ECM,J2534,N.AMERICA  Forester 05MY,2.5L TURBO MT FED&CAL,0x100000,5b9418f4340600481461c87047c0ed05a2f74ec5f3b224b5c93fe4c390aba538,valid
AD3A104D,ECM,J2534,N.AMERICA  Forester 05MY,2.5L TURBO AT FED&CAL,0x28000,31214d67edd00400aa73db677df592971174edbc47b43cac40b3189b153c41d3,n/a(scheme)
A2WC521N,ECM,J2534,N.AMERICA  LEGACY 05MY,2.5L TURBO MT SEDAN/WAGON FED&CAL,0x100000,4b485bf3b07c9eae9644ae028ceb98aff88d52cae5c8c8429ad6575f9b77c262,valid
A2WC521C,ECM,J2534,N.AMERICA  LEGACY 05MY,2.5L TURBO AT SEDAN/WAGON FED&CAL,0x100000,f0abdb28fc60a53a80562e355cf23a013fddca4df2bd9283c055acd9087117b2,valid
AD3A104A,ECM,J2534,N.AMERICA  LEGACY 05MY,2.5L TURBO MT SEDAN/WAGON FED&CAL,0x28000,6d54ea237d66927f097ace0615b19c6e39c33dd08db00e54d0429a1a8dca92f3,n/a(scheme)
A2WC521S,ECM,J2534,N.AMERICA  OUTBACK 05MY,2.5L TURBO MT SEDAN/WAGON FED&CAL,0x100000,618c06e8dad4036fa39d0b467e5977e4731991fb480593db6a7e3e7c7310967c,valid
A2WC521R,ECM,J2534,N.AMERICA  OUTBACK 05MY,2.5L TURBO AT SEDAN/WAGON FED&CAL,0x100000,202344220c3f595416686dd60e3e86be76f5e44252da8a9103c6ec4788342582,valid
AD3A104A,ECM,J2534,N.AMERICA  OUTBACK 05MY,2.5L TURBO MT SEDAN/WAGON FED&CAL,0x28000,6d54ea237d66927f097ace0615b19c6e39c33dd08db00e54d0429a1a8dca92f3,n/a(scheme)
E2ZJ133H,ECM,J2534,N.AMERICA  FORESTER 05MY,2.5L NA MT FED&CAL,0x100000,089821cfa01e0a50c7a8a7b28cdf0cc5ca2f569f9f8784c4b3391a4dc77c582b,valid
E2ZJ131H,ECM,J2534,N.AMERICA  FORESTER 05MY,2.5L NA AT FED&CAL,0x100000,29ec07c7a09b4833f38e35529f1fc1929a67306281e2d7df551cafaa9d5870f5,valid
E2ZJ131G,ECM,J2534,N.AMERICA  IMPREZA 05MY,2.5L NA AT SEDAN•WAGON FED&CAL,0x100000,ee49c5a9b85646e9bf05226d4b6bce082ca9ed8390f9d91db96637250ea86b7c,valid
E2ZJ133G,ECM,J2534,N.AMERICA  IMPREZA 05MY,2.5L NA MT SEDAN•WAGON FED&CAL,0x100000,3e08c084e995badc6c6299624ed985a2df5fe92a13f6a1dca1fba144c91a20a9,valid
A4TF520F,ECM,J2534,N.AMERICA  Impreza 04MY,2.0L TURBO MT WRX FED&CAL,0x30000,c170e6778ce270a2d2050be755920869ff56bc8911ef4354d94ad1cc0984bddd,n/a(scheme)
A4TF520E,ECM,J2534,N.AMERICA  Impreza 04MY,2.0L TURBO AT WRX FED&CAL,0x30000,7cd91dc5dcded1049a48b3d66ce6dcd72c22ae6d590b78cf6d2bd371fa6a350a,n/a(scheme)
A4TF810F,ECM,J2534,N.AMERICA  Impreza 05MY,2.0L TURBO MT WRX FED&CAL,0x30000,0860b4bd391becc46916a1cadaebecea9dfc3fcb0a8dc40468d085cf03705520,n/a(scheme)
A4TF810E,ECM,J2534,N.AMERICA  Impreza 05MY,2.0L TURBO AT WRX FED&CAL,0x30000,da7d7eb7344af9d9fbd186e6144e2bff1862c59ec71091703c30d300f564f9c1,n/a(scheme)
E2ZJ143B,ECM,J2534,N.AMERICA LEGACY 05MY,2.5L NA MT SEDAN/WAGON FED,0x100000,050e4237fc3f4a58e268656f6e49bb663d0c9a5b0788abbf5bf49fb5cb4e3d6f,valid
E2ZJ142B,ECM,J2534,N.AMERICA LEGACY 05MY,2.5L NA AT SEDAN/WAGON OBK FED,0x100000,579d0aa0f8fbaee73bcc7eee5ec76e7633538c242e518e8681c5108d6e5051ff,valid
E2ZJ141B,ECM,J2534,N.AMERICA LEGACY 05MY,2.5L NA AT SEDAN/WAGON FED,0x100000,b0a7ed588475b44756784513afcd131d4cc54ae31a61ea8b7deded38fa899cb5,valid
ED3A105A,ECM,J2534,N.AMERICA LEGACY 05MY,2.5L NA MT SEDAN/WAGON FED,0x28000,6c22dbe58f22b9a8cc4cf1692dec6eb0b61407a16353665aca4e1d257f38655b,n/a(scheme)
A8DH102I,ECM,J2534,N.AMERICA Forester 06MY,2.5L TURBO WAGON FED&CAL MT,0x100000,c339a85eadee97c0075400da93e025d52f6b9ce2c36b251d5366b65f634323a1,valid
A8DH201X,ECM,J2534,N.AMERICA IMPREZA 06MY,2.5L TURBO SEDAN/WAGON FED&CAL NORMAL-HEIGHT/OBK MT,0x100000,406d6ff3ba6a7d2260861b98d70ea12c888e0f47ac39b2a2816a711c1e2c241e,valid
E2ZJ173B,ECM,J2534,N.AMERICA LEGACY 05MY,2.5L NA SEDAN/WAGON FED NORMAL-HEIGHT/OBK MT,0x100000,34164724a6b1cb74d8af1664df6d4e35fd252cdf50001d8de323cc544e5daa49,valid
E2ZJ173A,ECM,J2534,N.AMERICA LEGACY 05MY,2.5L NA SEDAN/WAGON CAL NORMAL-HEIGHT/OBK MT,0x100000,cdf0c40f369a02e3c69c69236e14f941eb34ec116424799c40da22f800683230,valid
ED3A105A,ECM,J2534,N.AMERICA LEGACY 05MY,2.5L NA SEDAN/WAGON FED NORMAL-HEIGHT/OBK MT,0x28000,6c22dbe58f22b9a8cc4cf1692dec6eb0b61407a16353665aca4e1d257f38655b,n/a(scheme)
A2WC522N,ECM,J2534,N.AMERICA LEGACY 05MY,2.5L TURBO SEDAN/WAGON NORMAL-HEIGHT MT,0x100000,2608e7543b91e483208cb1df4e9107ee437e830daf928ba77409bea8ab2f7d73,valid
A2WC522S,ECM,J2534,N.AMERICA LEGACY 05MY,2.5L TURBO SEDAN/WAGON OBK MT,0x100000,b2f1365bbe99f0d873e1203a5eab015a2ad7b19f136573008b4eb389c2d8fff1,valid
AD3A104A,ECM,J2534,N.AMERICA LEGACY 05MY,2.5L TURBO SEDAN/WAGON NORMAL-HEIGHT MT,0x28000,6d54ea237d66927f097ace0615b19c6e39c33dd08db00e54d0429a1a8dca92f3,n/a(scheme)
A2ZJ512I,ECM,J2534,N.AMERICA Forester 04MY,2.5L TURBO WAGON MT,0x80000,9fc6216ee0c120d424c85ae2c49f9fd6875fd7d5a469bbf71894e5058c42ff76,valid
